ticket_id,customerID,issue_type,priority,channel,status,created_days_ago,resolution_hours,resolution
TKT-000001,1452-KIOVK,Technical Support,Medium,Phone,Closed,192,56.71,Escalated to specialist
TKT-000002,1452-KIOVK,Payment Issue,Low,Web,Resolved,67,81.54,Escalated to specialist
TKT-000003,6713-OKOMC,Technical Support,Low,Phone,Resolved,313,80.22,Account information updated
TKT-000004,6713-OKOMC,Payment Issue,Low,Email,Closed,247,33.02,Account information updated
TKT-000005,6388-TABGU,Billing,Low,Chat,Closed,134,47.19,Escalated to specialist
TKT-000006,5129-JLPIS,Technical Support,Low,Web,In Progress,121,84.34,Pending
TKT-000007,4190-MFLUW,Payment Issue,Low,Chat,Resolved,159,53.85,Account information updated
TKT-000008,6322-HRPFA,Service Change,Low,Phone,In Progress,291,83.8,Pending
TKT-000009,6047-YHPVI,Payment Issue,High,Phone,Resolved,90,25.39,Issue resolved remotely
TKT-000010,6047-YHPVI,Technical Support,High,Chat,Closed,206,21.89,Service configuration updated
TKT-000011,6047-YHPVI,Internet Connectivity,Medium,Phone,Resolved,101,62.62,Payment method updated
TKT-000012,5380-WJKOV,Billing,Medium,Chat,In Progress,46,58.17,Pending
TKT-000013,5380-WJKOV,Service Change,Medium,Phone,Closed,122,13.76,Issue resolved remotely
TKT-000014,2954-PIBKO,Technical Support,Low,Phone,Resolved,182,60.18,Replacement equipment requested
TKT-000015,2954-PIBKO,Technical Support,Low,Web,Resolved,350,24.74,Issue resolved remotely
TKT-000016,9420-LOJKX,Streaming,Medium,Email,In Progress,96,53.88,Pending
TKT-000017,9420-LOJKX,Technical Support,Low,Email,Open,47,33.86,Pending
TKT-000018,9420-LOJKX,Internet Connectivity,Medium,Email,In Progress,8,54.05,Pending
TKT-000019,7495-OOKFY,Account Access,High,Phone,Resolved,276,5.33,Payment method updated
TKT-000020,7495-OOKFY,Technical Support,Medium,Phone,In Progress,64,18.92,Pending
TKT-000021,5698-BQJOH,Account Access,Medium,Phone,Resolved,56,38.87,Escalated to specialist
TKT-000022,5698-BQJOH,Payment Issue,Medium,Web,Resolved,161,44.59,Escalated to specialist
TKT-000023,5698-BQJOH,Technical Support,Medium,Web,Resolved,310,9.38,Payment method updated
TKT-000024,5698-BQJOH,Payment Issue,High,Web,In Progress,115,25.51,Pending
TKT-000025,8028-PNXHQ,Service Change,Low,Phone,Closed,224,36.86,Escalated to specialist
TKT-000026,5630-AHZIL,Account Access,Low,Chat,Closed,351,114.91,Billing adjustment applied
TKT-000027,4445-ZJNMU,Technical Support,Medium,Phone,Closed,195,35.85,Issue resolved remotely
TKT-000028,4445-ZJNMU,Streaming,High,Email,Closed,82,20.6,Escalated to specialist
TKT-000029,1862-QRWPE,Payment Issue,Low,Phone,Resolved,269,40.35,Replacement equipment requested
TKT-000030,3679-XASPY,Internet Connectivity,Low,Phone,Closed,272,76.73,Customer provided troubleshooting steps
TKT-000031,3679-XASPY,Equipment,Low,Chat,Resolved,117,66.08,Escalated to specialist
TKT-000032,3679-XASPY,Billing,Low,Phone,In Progress,7,25.16,Pending
TKT-000033,0486-HECZI,Service Change,Medium,Chat,In Progress,10,55.29,Pending
TKT-000034,4846-WHAFZ,Billing,High,Phone,Resolved,49,25.21,Payment method updated
TKT-000035,4846-WHAFZ,Streaming,Medium,Phone,Closed,218,48.57,Service configuration updated
TKT-000036,6497-TILVL,Internet Connectivity,Low,Web,Closed,67,98.87,Escalated to specialist
TKT-000037,4412-YLTKF,Payment Issue,Medium,Chat,Open,92,22.89,Pending
TKT-000038,4412-YLTKF,Technical Support,High,Chat,Closed,106,15.97,Payment method updated
TKT-000039,3930-ZGWVE,Service Change,Medium,Phone,Resolved,98,55.74,Customer provided troubleshooting steps
TKT-000040,0390-DCFDQ,Billing,Medium,Phone,Resolved,70,27.86,Account information updated
TKT-000041,0390-DCFDQ,Internet Connectivity,High,Phone,In Progress,211,7.7,Pending
TKT-000042,0390-DCFDQ,Billing,Medium,Phone,In Progress,157,51.57,Pending
TKT-000043,3780-YVMFA,Internet Connectivity,Medium,Email,Closed,196,19.62,Issue resolved remotely
TKT-000044,9073-ZZIAY,Internet Connectivity,Low,Phone,Resolved,3,68.57,Billing adjustment applied
TKT-000045,3077-RSNTJ,Equipment,Low,Phone,Closed,305,109.49,Account information updated
TKT-000046,9167-APMXZ,Payment Issue,High,Chat,Resolved,270,21.15,Customer provided troubleshooting steps
TKT-000047,9167-APMXZ,Technical Support,High,Web,Resolved,250,12.53,Replacement equipment requested
TKT-000048,9167-APMXZ,Internet Connectivity,High,Phone,Resolved,124,15.72,Billing adjustment applied
TKT-000049,9167-APMXZ,Internet Connectivity,Medium,Phone,Closed,289,66.65,Escalated to specialist
TKT-000050,4648-YPBTM,Internet Connectivity,Low,Chat,Closed,74,69.53,Account information updated
TKT-000051,2907-ILJBN,Internet Connectivity,Low,Chat,In Progress,184,26.27,Pending
TKT-000052,6345-FZOQH,Billing,Low,Email,Open,264,115.56,Pending
TKT-000053,7654-YWJUF,Account Access,Medium,Email,Closed,33,45.76,Billing adjustment applied
TKT-000054,7654-YWJUF,Billing,Low,Web,In Progress,3,62.33,Pending
TKT-000055,1744-JHKYS,Payment Issue,Medium,Web,Resolved,51,15.66,Escalated to specialist
TKT-000056,2070-FNEXE,Billing,Medium,Chat,Resolved,76,29.35,Replacement equipment requested
TKT-000057,6317-YPKDH,Payment Issue,Low,Phone,Resolved,114,27.96,Customer provided troubleshooting steps
TKT-000058,6317-YPKDH,Streaming,Low,Chat,Resolved,65,113.1,Service configuration updated
TKT-000059,5524-KHNJP,Technical Support,Low,Chat,Closed,309,24.8,Escalated to specialist
TKT-000060,5524-KHNJP,Equipment,Low,Web,In Progress,12,13.33,Pending
TKT-000061,1024-GUALD,Payment Issue,Medium,Web,Resolved,5,66.78,Billing adjustment applied
TKT-000062,1024-GUALD,Payment Issue,Medium,Email,Closed,250,61.56,Billing adjustment applied
TKT-000063,2984-RGEYA,Streaming,Low,Phone,Resolved,248,15.13,Escalated to specialist
TKT-000064,2604-IJPDU,Billing,Medium,Email,In Progress,106,10.31,Pending
TKT-000065,7018-WBJNK,Billing,High,Phone,Closed,105,5.83,Account information updated
TKT-000066,7018-WBJNK,Payment Issue,High,Chat,Closed,299,5.28,Account information updated
TKT-000067,7157-SMCFK,Billing,Low,Chat,Closed,32,28.76,Account information updated
TKT-000068,4709-LKHYG,Internet Connectivity,Low,Email,Closed,273,17.89,Service configuration updated
TKT-000069,4709-LKHYG,Account Access,Low,Chat,Closed,150,21.91,Customer provided troubleshooting steps
TKT-000070,9286-BHDQG,Streaming,Low,Chat,Closed,318,27.67,Service configuration updated
TKT-000071,0742-MOABM,Internet Connectivity,Medium,Chat,Closed,162,17.5,Escalated to specialist
TKT-000072,0742-MOABM,Technical Support,Low,Phone,Resolved,355,42.03,Customer provided troubleshooting steps
TKT-000073,0742-MOABM,Internet Connectivity,Low,Chat,Resolved,354,56.15,Payment method updated
TKT-000074,0959-WHOKV,Account Access,Low,Web,Open,174,36.36,Pending
TKT-000075,4075-JFPGR,Account Access,Low,Chat,Resolved,225,97.04,Billing adjustment applied
TKT-000076,7273-TEFQD,Technical Support,High,Web,Resolved,295,32.36,Replacement equipment requested
TKT-000077,7273-TEFQD,Streaming,High,Chat,Resolved,90,30.8,Billing adjustment applied
TKT-000078,7529-ZDFXI,Billing,Low,Phone,Closed,29,48.09,Billing adjustment applied
TKT-000079,0123-CRBRT,Internet Connectivity,Low,Chat,Open,258,52.2,Pending
TKT-000080,6292-TOSSS,Account Access,Low,Email,Resolved,28,95.39,Escalated to specialist
TKT-000081,3197-ARFOY,Service Change,Medium,Chat,Resolved,122,21.38,Issue resolved remotely
TKT-000082,3179-GBRWV,Internet Connectivity,Low,Email,Closed,349,102.62,Service configuration updated
TKT-000083,9512-UIBFX,Internet Connectivity,Low,Phone,Resolved,305,58.85,Account information updated
TKT-000084,9512-UIBFX,Technical Support,Low,Email,In Progress,343,37.15,Pending
TKT-000085,9512-UIBFX,Internet Connectivity,Medium,Web,Resolved,6,23.59,Issue resolved remotely
TKT-000086,7534-BFESC,Account Access,High,Chat,Resolved,224,15.73,Issue resolved remotely
TKT-000087,7534-BFESC,Technical Support,Medium,Web,Closed,194,62.53,Account information updated
TKT-000088,7534-BFESC,Technical Support,High,Email,Resolved,140,19.96,Billing adjustment applied
TKT-000089,0895-LMRSF,Billing,Low,Chat,Closed,143,48.6,Customer provided troubleshooting steps
TKT-000090,8266-VBFQL,Billing,High,Phone,Resolved,52,4.23,Service configuration updated
TKT-000091,8266-VBFQL,Internet Connectivity,High,Email,Resolved,293,19.28,Service configuration updated
TKT-000092,8181-YHCMF,Streaming,Low,Chat,Closed,168,24.32,Account information updated
TKT-000093,8181-YHCMF,Payment Issue,Low,Chat,Resolved,152,118.33,Escalated to specialist
TKT-000094,7277-OZCGZ,Payment Issue,Medium,Phone,Resolved,109,57.75,Issue resolved remotely
TKT-000095,5027-YOCXN,Streaming,Low,Web,Closed,27,21.16,Account information updated
TKT-000096,8626-PTQGE,Payment Issue,Medium,Phone,Closed,21,11.12,Billing adjustment applied
TKT-000097,4983-CLMLV,Service Change,Medium,Email,Closed,270,59.26,Replacement equipment requested
TKT-000098,2088-IEBAU,Internet Connectivity,Low,Phone,Closed,347,85.15,Service configuration updated
TKT-000099,7520-HQWJU,Technical Support,Medium,Phone,Resolved,152,30.27,Account information updated
TKT-000100,5924-SNGKP,Internet Connectivity,Low,Phone,Resolved,201,32.26,Escalated to specialist
TKT-000101,5924-SNGKP,Billing,Low,Chat,Closed,195,44.01,Escalated to specialist
TKT-000102,2034-GDRCN,Billing,Urgent,Chat,Closed,268,5.32,Service configuration updated
TKT-000103,2034-GDRCN,Streaming,High,Web,In Progress,31,10.46,Pending
TKT-000104,2034-GDRCN,Billing,High,Phone,Resolved,164,34.69,Payment method updated
TKT-000105,0513-RBGPE,Technical Support,Low,Phone,Closed,205,110.18,Billing adjustment applied
TKT-000106,0513-RBGPE,Technical Support,Low,Chat,Resolved,10,38.07,Billing adjustment applied
TKT-000107,4115-NZRKS,Billing,Urgent,Web,In Progress,92,9.62,Pending
TKT-000108,4115-NZRKS,Technical Support,High,Chat,Closed,94,32.88,Account information updated
TKT-000109,4115-NZRKS,Payment Issue,High,Phone,Resolved,156,34.57,Replacement equipment requested
TKT-000110,6158-HDPXZ,Technical Support,Low,Phone,Closed,107,38.58,Issue resolved remotely
TKT-000111,5167-ZFFMM,Technical Support,High,Phone,Resolved,311,16.3,Issue resolved remotely
TKT-000112,5167-ZFFMM,Billing,High,Phone,In Progress,179,17.33,Pending
TKT-000113,6583-SZVGP,Billing,Medium,Web,Open,101,29.32,Pending
TKT-000114,0979-PHULV,Payment Issue,Medium,Phone,In Progress,218,38.71,Pending
TKT-000115,5495-GPSRW,Internet Connectivity,Low,Phone,Closed,181,88.85,Payment method updated
TKT-000116,5495-GPSRW,Internet Connectivity,Low,Email,In Progress,33,32.34,Pending
TKT-000117,7606-BPHHN,Billing,Low,Web,In Progress,84,103.74,Pending
TKT-000118,4360-PNRQB,Equipment,High,Chat,In Progress,363,12.14,Pending
TKT-000119,4360-PNRQB,Equipment,High,Email,Resolved,29,30.02,Billing adjustment applied
TKT-000120,4376-KFVRS,Payment Issue,Low,Web,In Progress,232,20.44,Pending
TKT-000121,0732-OCQOC,Internet Connectivity,Low,Chat,In Progress,308,91.77,Pending
TKT-000122,1090-ESELR,Equipment,Low,Phone,In Progress,244,30.68,Pending
TKT-000123,0256-LTHVJ,Streaming,Low,Email,Open,211,25.71,Pending
TKT-000124,4785-FCIFB,Equipment,Low,Phone,Resolved,263,76.21,Issue resolved remotely
TKT-000125,4785-FCIFB,Internet Connectivity,Low,Phone,Closed,19,36.98,Service configuration updated
TKT-000126,4237-CLSMM,Internet Connectivity,Low,Web,Resolved,274,90.38,Replacement equipment requested
TKT-000127,4237-CLSMM,Account Access,Medium,Web,Closed,337,8.8,Service configuration updated
TKT-000128,4640-UHDOS,Technical Support,Low,Email,Open,240,85.72,Pending
TKT-000129,4640-UHDOS,Billing,Medium,Phone,In Progress,335,66.41,Pending
TKT-000130,3780-DDGSE,Technical Support,Low,Web,Closed,151,92.11,Service configuration updated
TKT-000131,6227-HWPWX,Payment Issue,Medium,Email,Open,255,59.08,Pending
TKT-000132,6227-HWPWX,Billing,Low,Phone,Closed,77,52.73,Escalated to specialist
TKT-000133,0447-BEMNG,Equipment,Low,Chat,Resolved,208,56.19,Service configuration updated
TKT-000134,0447-BEMNG,Account Access,Medium,Phone,Resolved,124,33.22,Payment method updated
TKT-000135,7971-HLVXI,Internet Connectivity,Low,Email,Resolved,265,22.68,Customer provided troubleshooting steps
TKT-000136,3649-JPUGY,Equipment,Low,Phone,In Progress,175,62.59,Pending
TKT-000137,3649-JPUGY,Internet Connectivity,Low,Email,Resolved,90,65.51,Replacement equipment requested
TKT-000138,0388-EOPEX,Internet Connectivity,Medium,Email,Closed,282,71.01,Escalated to specialist
TKT-000139,0388-EOPEX,Streaming,High,Phone,Open,343,21.69,Pending
TKT-000140,7803-XOCCZ,Equipment,Low,Phone,Resolved,30,29.31,Billing adjustment applied
TKT-000141,7218-HKQFK,Account Access,High,Web,In Progress,305,28.32,Pending
TKT-000142,7218-HKQFK,Payment Issue,Medium,Phone,Closed,85,14.43,Escalated to specialist
TKT-000143,7218-HKQFK,Internet Connectivity,High,Web,In Progress,23,11.85,Pending
TKT-000144,4332-MUOEZ,Equipment,Medium,Web,Resolved,263,23.67,Customer provided troubleshooting steps
TKT-000145,4332-MUOEZ,Internet Connectivity,Medium,Chat,Closed,120,39.4,Service configuration updated
TKT-000146,6705-LXORM,Technical Support,Medium,Phone,In Progress,67,38.85,Pending
TKT-000147,6705-LXORM,Streaming,Medium,Phone,Resolved,60,9.92,Billing adjustment applied
TKT-000148,7531-GQHME,Equipment,Low,Web,Resolved,354,69.44,Payment method updated
TKT-000149,0913-XWSCN,Streaming,Medium,Web,Closed,306,66.92,Customer provided troubleshooting steps
TKT-000150,6825-UYPFK,Billing,Low,Chat,Closed,20,97.71,Account information updated
TKT-000151,8397-MVTAZ,Streaming,Medium,Phone,Resolved,202,25.98,Escalated to specialist
TKT-000152,8397-MVTAZ,Billing,High,Phone,In Progress,287,16.57,Pending
TKT-000153,3571-DPYUH,Internet Connectivity,Low,Chat,Resolved,240,63.06,Service configuration updated
TKT-000154,3571-DPYUH,Streaming,Low,Chat,In Progress,359,16.35,Pending
TKT-000155,3571-DPYUH,Technical Support,Medium,Email,Closed,165,50.24,Service configuration updated
TKT-000156,1403-GYAFU,Streaming,Low,Web,Closed,326,89.74,Service configuration updated
TKT-000157,2782-LFZVW,Streaming,Low,Phone,Resolved,254,59.53,Payment method updated
TKT-000158,2075-PUEPR,Billing,Low,Chat,Resolved,112,47.27,Issue resolved remotely
TKT-000159,5301-GAUUY,Payment Issue,Medium,Chat,In Progress,63,25.61,Pending
TKT-000160,2501-XWWTZ,Internet Connectivity,High,Phone,Closed,350,26.44,Service configuration updated
TKT-000161,2501-XWWTZ,Streaming,High,Chat,In Progress,24,35.24,Pending
TKT-000162,6815-ABQFQ,Service Change,Low,Email,Resolved,351,59.95,Service configuration updated
TKT-000163,1218-VKFPE,Equipment,Low,Web,Resolved,162,48.08,Replacement equipment requested
TKT-000164,1218-VKFPE,Internet Connectivity,Medium,Chat,Closed,341,55.68,Escalated to specialist
TKT-000165,1218-VKFPE,Payment Issue,Medium,Web,Resolved,255,49.27,Customer provided troubleshooting steps
TKT-000166,3627-FHKBK,Internet Connectivity,Medium,Phone,Resolved,240,63.08,Account information updated
TKT-000167,2865-TCHJW,Billing,High,Chat,Closed,86,28.78,Customer provided troubleshooting steps
TKT-000168,2865-TCHJW,Billing,High,Phone,Closed,345,17.53,Customer provided troubleshooting steps
TKT-000169,2865-TCHJW,Account Access,Urgent,Phone,Closed,342,9.7,Customer provided troubleshooting steps
TKT-000170,0719-SYFRB,Equipment,Medium,Chat,Open,210,35.1,Pending
TKT-000171,2001-MCUUW,Technical Support,Low,Email,Resolved,9,67.78,Escalated to specialist
TKT-000172,6543-CPZMK,Service Change,Medium,Web,Resolved,65,11.29,Payment method updated
TKT-000173,7134-MJPDY,Internet Connectivity,Medium,Chat,Closed,341,28.58,Payment method updated
TKT-000174,7134-MJPDY,Payment Issue,Medium,Email,Resolved,98,64.26,Customer provided troubleshooting steps
TKT-000175,5240-CAOYT,Internet Connectivity,Low,Phone,Open,83,59.12,Pending
TKT-000176,0516-UXRMT,Billing,Low,Phone,Closed,10,104.97,Customer provided troubleshooting steps
TKT-000177,0516-UXRMT,Payment Issue,Low,Phone,Closed,155,91.68,Payment method updated
TKT-000178,5016-IBERQ,Payment Issue,Medium,Web,Closed,113,22.03,Billing adjustment applied
TKT-000179,9931-KGHOA,Service Change,Low,Phone,Open,60,100.9,Pending
TKT-000180,0970-ETWGE,Streaming,High,Web,Resolved,335,32.0,Payment method updated
TKT-000181,0970-ETWGE,Streaming,Urgent,Phone,In Progress,173,4.18,Pending
TKT-000182,0970-ETWGE,Payment Issue,Urgent,Chat,Resolved,136,1.29,Replacement equipment requested
TKT-000183,9576-ANLXO,Account Access,High,Web,In Progress,95,30.45,Pending
TKT-000184,9576-ANLXO,Technical Support,Medium,Web,In Progress,60,44.1,Pending
TKT-000185,5845-BZZIB,Billing,Low,Email,In Progress,282,30.57,Pending
TKT-000186,5845-BZZIB,Equipment,Low,Email,Resolved,173,35.24,Issue resolved remotely
TKT-000187,4160-AMJTL,Internet Connectivity,Low,Phone,In Progress,151,57.66,Pending
TKT-000188,7838-LAZFO,Internet Connectivity,Medium,Web,Resolved,89,30.87,Issue resolved remotely
TKT-000189,4464-JCOLN,Account Access,Low,Email,Closed,255,23.6,Issue resolved remotely
TKT-000190,5533-RJFTJ,Account Access,Low,Chat,Closed,38,68.81,Account information updated
TKT-000191,3088-FVYWK,Billing,Low,Email,Resolved,32,99.07,Service configuration updated
TKT-000192,3088-FVYWK,Internet Connectivity,Medium,Web,Resolved,106,32.37,Escalated to specialist
TKT-000193,3088-FVYWK,Technical Support,Low,Phone,In Progress,79,23.15,Pending
TKT-000194,0823-HSCDJ,Account Access,Low,Web,Resolved,292,112.09,Replacement equipment requested
TKT-000195,0823-HSCDJ,Streaming,Low,Web,Resolved,353,61.88,Service configuration updated
TKT-000196,3729-OWRVL,Account Access,Low,Web,Resolved,194,29.93,Issue resolved remotely
TKT-000197,3729-OWRVL,Payment Issue,Low,Web,In Progress,276,39.8,Pending
TKT-000198,1448-PWKYE,Streaming,High,Phone,Resolved,239,16.56,Escalated to specialist
TKT-000199,1448-PWKYE,Streaming,High,Phone,Open,341,22.01,Pending
TKT-000200,1448-PWKYE,Billing,High,Web,Closed,74,4.18,Payment method updated
TKT-000201,7251-LJBQN,Internet Connectivity,Medium,Web,Resolved,22,18.28,Billing adjustment applied
TKT-000202,7251-LJBQN,Payment Issue,Medium,Email,Resolved,28,62.76,Escalated to specialist
TKT-000203,1536-HBSWP,Account Access,Medium,Phone,Resolved,142,38.83,Account information updated
TKT-000204,5313-FPXWG,Streaming,Low,Web,Resolved,47,24.79,Payment method updated
TKT-000205,8338-QIUNR,Payment Issue,Low,Email,Resolved,25,68.21,Issue resolved remotely
TKT-000206,8338-QIUNR,Technical Support,Low,Chat,In Progress,42,78.82,Pending
TKT-000207,1525-LNLOJ,Technical Support,Low,Phone,In Progress,210,49.17,Pending
TKT-000208,9450-TRJUU,Streaming,Medium,Email,Closed,90,49.71,Issue resolved remotely
TKT-000209,9450-TRJUU,Equipment,High,Web,Resolved,133,21.11,Issue resolved remotely
TKT-000210,4312-KFRXN,Streaming,Low,Phone,Closed,191,16.87,Escalated to specialist
TKT-000211,4312-KFRXN,Streaming,Medium,Phone,Open,2,17.97,Pending
TKT-000212,4312-KFRXN,Technical Support,Medium,Web,Resolved,289,12.04,Payment method updated
TKT-000213,5575-TPIZQ,Internet Connectivity,Low,Email,In Progress,73,105.67,Pending
TKT-000214,5575-TPIZQ,Service Change,Medium,Chat,Closed,132,16.12,Escalated to specialist
TKT-000215,5575-TPIZQ,Payment Issue,Medium,Email,Resolved,79,53.11,Escalated to specialist
TKT-000216,9944-AEXBM,Technical Support,Low,Web,Resolved,42,20.36,Issue resolved remotely
TKT-000217,4018-PPNDW,Technical Support,Medium,Phone,Resolved,115,21.17,Customer provided troubleshooting steps
TKT-000218,4018-PPNDW,Streaming,Low,Email,Resolved,318,37.53,Escalated to specialist
TKT-000219,6919-ELBGL,Internet Connectivity,Low,Web,In Progress,133,70.02,Pending
TKT-000220,3966-HRMZA,Internet Connectivity,High,Email,Resolved,228,15.13,Escalated to specialist
TKT-000221,3966-HRMZA,Billing,Medium,Email,Resolved,310,57.33,Payment method updated
TKT-000222,3115-CZMZD,Internet Connectivity,Low,Chat,Resolved,60,36.69,Payment method updated
TKT-000223,4013-GUXND,Internet Connectivity,Medium,Phone,In Progress,215,41.25,Pending
TKT-000224,4013-GUXND,Technical Support,Low,Web,Closed,187,57.55,Payment method updated
TKT-000225,1894-IGFSG,Account Access,Medium,Phone,Resolved,218,38.02,Escalated to specialist
TKT-000226,1894-IGFSG,Equipment,High,Chat,Open,262,29.02,Pending
TKT-000227,8728-SKJLR,Service Change,Medium,Phone,Resolved,159,51.0,Replacement equipment requested
TKT-000228,0322-CHQRU,Internet Connectivity,Low,Web,Closed,17,61.65,Replacement equipment requested
TKT-000229,0322-CHQRU,Internet Connectivity,Medium,Phone,In Progress,137,55.83,Pending
TKT-000230,0322-CHQRU,Equipment,Low,Email,Open,293,33.35,Pending
TKT-000231,4678-DVQEO,Technical Support,Medium,Chat,Closed,305,30.89,Customer provided troubleshooting steps
TKT-000232,3442-ZHHCC,Internet Connectivity,Low,Phone,Resolved,258,88.14,Service configuration updated
TKT-000233,2040-OBMLJ,Technical Support,Medium,Chat,Closed,76,60.52,Payment method updated
TKT-000234,5671-RQRLP,Internet Connectivity,Low,Web,Resolved,262,93.19,Customer provided troubleshooting steps
TKT-000235,9926-PJHDQ,Internet Connectivity,Low,Phone,Resolved,314,37.49,Billing adjustment applied
TKT-000236,2798-NYLMZ,Streaming,Low,Email,Resolved,227,78.26,Escalated to specialist
TKT-000237,2798-NYLMZ,Equipment,Medium,Web,Closed,277,9.01,Issue resolved remotely
TKT-000238,1820-TQVEV,Technical Support,Medium,Web,Resolved,234,14.95,Account information updated
TKT-000239,1820-TQVEV,Internet Connectivity,High,Email,Closed,244,32.48,Account information updated
TKT-000240,5318-YKDPV,Technical Support,Low,Email,Resolved,158,72.16,Billing adjustment applied
TKT-000241,3487-EARAT,Internet Connectivity,Low,Email,Open,279,102.09,Pending
TKT-000242,7408-OFWXJ,Internet Connectivity,Low,Phone,Closed,336,27.13,Escalated to specialist
TKT-000243,7408-OFWXJ,Service Change,Medium,Phone,In Progress,125,24.93,Pending
TKT-000244,8713-IGZSO,Technical Support,Low,Chat,Closed,211,102.19,Payment method updated
TKT-000245,9777-IQHWP,Billing,Low,Phone,Closed,77,68.04,Customer provided troubleshooting steps
TKT-000246,0979-MOZQI,Billing,Low,Web,Closed,87,33.11,Customer provided troubleshooting steps
TKT-000247,0979-MOZQI,Technical Support,Low,Chat,Closed,269,118.16,Replacement equipment requested
TKT-000248,3313-QKNKB,Technical Support,Medium,Chat,In Progress,32,14.26,Pending
TKT-000249,9851-KIELU,Internet Connectivity,Medium,Phone,Resolved,70,66.09,Account information updated
TKT-000250,9851-KIELU,Payment Issue,Medium,Phone,In Progress,101,68.4,Pending
TKT-000251,3908-BLSYF,Internet Connectivity,High,Phone,Resolved,31,24.46,Customer provided troubleshooting steps
TKT-000252,3908-BLSYF,Payment Issue,Medium,Email,Closed,91,22.57,Account information updated
TKT-000253,5170-PTRKA,Equipment,Low,Chat,Resolved,220,96.33,Customer provided troubleshooting steps
TKT-000254,0048-LUMLS,Payment Issue,Low,Web,Closed,359,100.61,Replacement equipment requested
TKT-000255,0048-LUMLS,Payment Issue,Low,Phone,Open,113,66.57,Pending
TKT-000256,0048-LUMLS,Account Access,Low,Email,Closed,291,91.54,Customer provided troubleshooting steps
TKT-000257,9227-LUNBG,Technical Support,Medium,Email,Closed,3,66.74,Replacement equipment requested
TKT-000258,9227-LUNBG,Streaming,Medium,Web,Resolved,26,14.0,Escalated to specialist
TKT-000259,9227-LUNBG,Technical Support,High,Chat,In Progress,219,35.36,Pending
TKT-000260,7997-EASSD,Internet Connectivity,Medium,Chat,Resolved,108,61.09,Replacement equipment requested
TKT-000261,7997-EASSD,Billing,Low,Web,Closed,221,17.96,Payment method updated
TKT-000262,0730-KOAVE,Equipment,Low,Email,Resolved,316,92.97,Issue resolved remotely
TKT-000263,1051-GEJLJ,Equipment,Low,Phone,Closed,200,96.16,Service configuration updated
TKT-000264,0379-DJQHR,Internet Connectivity,Low,Chat,Closed,40,92.35,Replacement equipment requested
TKT-000265,0297-RBCSG,Technical Support,Low,Phone,Resolved,7,99.67,Escalated to specialist
TKT-000266,4301-VVZKA,Technical Support,Medium,Email,Closed,247,29.26,Escalated to specialist
TKT-000267,4301-VVZKA,Internet Connectivity,Medium,Phone,Open,139,71.35,Pending
TKT-000268,4750-ZRXIU,Billing,Urgent,Chat,Resolved,14,10.7,Replacement equipment requested
TKT-000269,4750-ZRXIU,Service Change,High,Web,Closed,257,18.96,Billing adjustment applied
TKT-000270,4750-ZRXIU,Internet Connectivity,Urgent,Phone,In Progress,275,10.26,Pending
TKT-000271,6630-UJZMY,Service Change,Urgent,Chat,Open,76,3.38,Pending
TKT-000272,6630-UJZMY,Service Change,Urgent,Web,In Progress,91,7.1,Pending
TKT-000273,6630-UJZMY,Account Access,Urgent,Phone,Resolved,120,8.42,Replacement equipment requested
TKT-000274,5709-LVOEQ,Billing,Low,Phone,Resolved,363,59.62,Customer provided troubleshooting steps
TKT-000275,5709-LVOEQ,Payment Issue,Low,Web,Closed,14,63.04,Account information updated
TKT-000276,6680-WKXRZ,Account Access,High,Web,Resolved,234,27.6,Service configuration updated
TKT-000277,6680-WKXRZ,Billing,High,Email,Resolved,122,18.99,Payment method updated
TKT-000278,6169-PPETC,Technical Support,Low,Phone,In Progress,214,58.65,Pending
TKT-000279,6169-PPETC,Payment Issue,Low,Web,Open,356,113.64,Pending
TKT-000280,6169-PPETC,Internet Connectivity,Low,Chat,Resolved,113,94.04,Payment method updated
TKT-000281,4208-UFFGW,Equipment,Medium,Chat,Closed,132,22.33,Escalated to specialist
TKT-000282,5382-SOYZL,Internet Connectivity,Medium,Email,Resolved,4,41.71,Escalated to specialist
TKT-000283,5382-SOYZL,Service Change,High,Phone,Closed,139,30.65,Service configuration updated
TKT-000284,4002-BQWPQ,Technical Support,Medium,Email,Closed,212,25.22,Account information updated
TKT-000285,5651-YLPRD,Technical Support,Medium,Chat,Resolved,151,55.95,Payment method updated
TKT-000286,4541-RMRLG,Internet Connectivity,Low,Email,In Progress,359,36.61,Pending
TKT-000287,7764-BDPEE,Account Access,Low,Phone,Resolved,93,41.7,Replacement equipment requested
TKT-000288,7764-BDPEE,Billing,Low,Phone,Resolved,9,28.78,Account information updated
TKT-000289,3429-IFLEM,Technical Support,Low,Chat,Open,229,13.19,Pending
TKT-000290,6646-QVXLR,Equipment,Medium,Phone,In Progress,295,54.39,Pending
TKT-000291,6461-PPAXN,Streaming,Low,Web,Resolved,281,36.24,Billing adjustment applied
TKT-000292,8165-ZJRNM,Technical Support,Low,Web,Open,198,77.92,Pending
TKT-000293,9369-XFEHK,Payment Issue,Medium,Web,Open,226,23.72,Pending
TKT-000294,9369-XFEHK,Billing,Low,Web,Resolved,31,101.04,Customer provided troubleshooting steps
TKT-000295,9108-EQPNQ,Internet Connectivity,Medium,Email,Open,189,8.77,Pending
TKT-000296,9108-EQPNQ,Payment Issue,Medium,Email,Closed,70,13.0,Service configuration updated
TKT-000297,9108-EQPNQ,Equipment,Low,Web,Resolved,233,28.59,Service configuration updated
TKT-000298,1989-PRJHP,Billing,High,Web,Closed,264,13.99,Service configuration updated
TKT-000299,1989-PRJHP,Streaming,High,Phone,Resolved,138,18.85,Customer provided troubleshooting steps
TKT-000300,1989-PRJHP,Streaming,High,Email,In Progress,240,31.26,Pending
TKT-000301,4695-VADHF,Account Access,Medium,Chat,In Progress,235,17.64,Pending
TKT-000302,7649-SIJJF,Service Change,Low,Web,Open,275,42.79,Pending
TKT-000303,7460-ITWWP,Equipment,Medium,Web,Closed,292,49.65,Escalated to specialist
TKT-000304,2632-TACXW,Equipment,Low,Phone,In Progress,69,17.12,Pending
TKT-000305,1767-CJKBA,Billing,Low,Web,Resolved,98,15.46,Billing adjustment applied
TKT-000306,6445-TNRXS,Technical Support,Low,Phone,Open,165,61.31,Pending
TKT-000307,4581-LNWUM,Payment Issue,Medium,Web,Resolved,53,40.97,Issue resolved remotely
TKT-000308,4581-LNWUM,Internet Connectivity,Medium,Chat,Open,304,9.43,Pending
TKT-000309,1236-WFCDV,Payment Issue,Medium,Chat,Closed,99,70.78,Escalated to specialist
TKT-000310,1236-WFCDV,Billing,Medium,Phone,Resolved,289,71.21,Billing adjustment applied
TKT-000311,3354-OADJP,Technical Support,Medium,Web,Resolved,56,38.39,Escalated to specialist
TKT-000312,3524-WQDSG,Billing,Medium,Web,In Progress,17,35.11,Pending
TKT-000313,0376-YMCJC,Technical Support,High,Web,In Progress,265,18.34,Pending
TKT-000314,0376-YMCJC,Internet Connectivity,High,Web,Resolved,332,9.97,Escalated to specialist
TKT-000315,0376-YMCJC,Internet Connectivity,Medium,Phone,Resolved,261,19.6,Replacement equipment requested
TKT-000316,0376-YMCJC,Service Change,Medium,Phone,Resolved,111,37.86,Replacement equipment requested
TKT-000317,1730-VFMWO,Equipment,Low,Email,In Progress,157,16.21,Pending
TKT-000318,6166-ILMNY,Billing,Medium,Phone,Closed,108,67.96,Account information updated
TKT-000319,6166-ILMNY,Account Access,High,Email,Closed,178,9.21,Billing adjustment applied
TKT-000320,0655-RBDUG,Technical Support,High,Phone,Resolved,27,12.47,Escalated to specialist
TKT-000321,0655-RBDUG,Billing,High,Phone,In Progress,301,12.94,Pending
TKT-000322,0655-RBDUG,Internet Connectivity,High,Phone,Resolved,125,6.87,Billing adjustment applied
TKT-000323,4121-AGSIN,Internet Connectivity,Medium,Email,Closed,17,42.04,Service configuration updated
TKT-000324,1751-NCDLI,Payment Issue,High,Email,Closed,62,28.54,Payment method updated
TKT-000325,1751-NCDLI,Payment Issue,Medium,Phone,Closed,338,57.29,Escalated to specialist
TKT-000326,9878-TNQGW,Service Change,Medium,Chat,Closed,293,62.84,Service configuration updated
TKT-000327,9878-TNQGW,Billing,Medium,Phone,Resolved,240,24.97,Payment method updated
TKT-000328,7029-RPUAV,Technical Support,High,Email,In Progress,334,14.49,Pending
TKT-000329,7029-RPUAV,Technical Support,Medium,Web,In Progress,19,30.52,Pending
TKT-000330,8590-YFFQO,Technical Support,Medium,Email,In Progress,3,69.93,Pending
TKT-000331,8717-VCTXJ,Billing,Low,Chat,In Progress,111,40.45,Pending
TKT-000332,8717-VCTXJ,Equipment,Low,Chat,Resolved,95,76.57,Issue resolved remotely
TKT-000333,7363-QTBIW,Billing,High,Chat,In Progress,138,33.99,Pending
TKT-000334,7363-QTBIW,Equipment,Medium,Web,Resolved,122,36.33,Replacement equipment requested
TKT-000335,7363-QTBIW,Billing,Medium,Web,Closed,115,38.87,Account information updated
TKT-000336,3312-UUMZW,Billing,Medium,Email,Closed,126,30.73,Billing adjustment applied
TKT-000337,3312-UUMZW,Technical Support,Medium,Email,In Progress,313,53.14,Pending
TKT-000338,3312-UUMZW,Billing,Medium,Phone,Resolved,215,14.02,Replacement equipment requested
TKT-000339,3312-UUMZW,Streaming,High,Phone,Closed,310,15.79,Billing adjustment applied
TKT-000340,1271-UODNO,Internet Connectivity,Low,Phone,Resolved,242,33.27,Payment method updated
TKT-000341,6900-RBKER,Account Access,Low,Web,Resolved,364,52.92,Account information updated
TKT-000342,1459-QNFQT,Streaming,Low,Chat,Closed,128,58.34,Issue resolved remotely
TKT-000343,0074-HDKDG,Streaming,Low,Web,Open,11,93.16,Pending
TKT-000344,0074-HDKDG,Technical Support,Low,Chat,Closed,338,93.49,Service configuration updated
TKT-000345,9330-DHBFL,Equipment,Low,Phone,Resolved,57,82.03,Account information updated
TKT-000346,9330-DHBFL,Technical Support,Low,Chat,Resolved,113,22.11,Customer provided troubleshooting steps
TKT-000347,2446-ZKVAF,Payment Issue,Low,Email,In Progress,61,77.94,Pending
TKT-000348,2446-ZKVAF,Internet Connectivity,Low,Chat,Open,225,12.52,Pending
TKT-000349,0841-NULXI,Streaming,High,Web,Resolved,318,14.39,Payment method updated
TKT-000350,0841-NULXI,Technical Support,Medium,Email,Resolved,225,13.04,Escalated to specialist
TKT-000351,0841-NULXI,Technical Support,Medium,Phone,Resolved,100,56.9,Customer provided troubleshooting steps
TKT-000352,8992-CEUEN,Equipment,Low,Web,Open,272,40.37,Pending
TKT-000353,8777-PVYGU,Internet Connectivity,Low,Web,Resolved,303,52.69,Service configuration updated
TKT-000354,8777-PVYGU,Equipment,Low,Chat,Resolved,77,51.91,Account information updated
TKT-000355,8777-PVYGU,Account Access,Low,Phone,In Progress,189,43.11,Pending
TKT-000356,8292-ITGYJ,Billing,Medium,Phone,Closed,110,11.6,Issue resolved remotely
TKT-000357,8292-ITGYJ,Equipment,Low,Web,Resolved,104,64.8,Account information updated
TKT-000358,9359-UGBTK,Streaming,Low,Phone,Closed,106,107.72,Payment method updated
TKT-000359,7129-ACFOG,Service Change,Low,Web,Resolved,128,61.92,Service configuration updated
TKT-000360,7129-ACFOG,Internet Connectivity,Low,Web,In Progress,15,106.19,Pending
TKT-000361,6270-OMFIW,Billing,Low,Phone,Closed,159,12.93,Customer provided troubleshooting steps
TKT-000362,1346-UFHAX,Payment Issue,Medium,Chat,Open,39,45.9,Pending
TKT-000363,5461-QKNTN,Internet Connectivity,Low,Email,Resolved,354,32.47,Billing adjustment applied
TKT-000364,5461-QKNTN,Billing,Medium,Chat,Resolved,252,65.12,Account information updated
TKT-000365,4660-IRIBM,Internet Connectivity,Medium,Phone,In Progress,195,51.64,Pending
TKT-000366,4660-IRIBM,Streaming,Low,Web,Resolved,127,37.56,Issue resolved remotely
TKT-000367,8089-UZWLX,Billing,Medium,Phone,In Progress,274,14.2,Pending
TKT-000368,6077-BDPXA,Service Change,Medium,Chat,Closed,96,61.0,Account information updated
TKT-000369,6077-BDPXA,Service Change,High,Chat,Resolved,70,22.8,Escalated to specialist
TKT-000370,6077-BDPXA,Service Change,Medium,Email,Closed,182,20.95,Customer provided troubleshooting steps
TKT-000371,6077-BDPXA,Technical Support,High,Phone,Resolved,176,22.66,Payment method updated
TKT-000372,0013-MHZWF,Service Change,Medium,Chat,Resolved,291,42.4,Service configuration updated
TKT-000373,9866-QEVEE,Billing,Medium,Email,Resolved,202,13.79,Replacement equipment requested
TKT-000374,9866-QEVEE,Account Access,Medium,Chat,Closed,139,45.85,Service configuration updated
TKT-000375,0040-HALCW,Technical Support,Medium,Web,Closed,97,11.22,Billing adjustment applied
TKT-000376,2294-DMMUS,Internet Connectivity,Low,Web,Closed,359,23.42,Customer provided troubleshooting steps
TKT-000377,2788-CJQAQ,Payment Issue,Low,Chat,Closed,209,77.74,Issue resolved remotely
TKT-000378,0668-OGMHD,Technical Support,Low,Email,Closed,237,71.64,Service configuration updated
TKT-000379,0668-OGMHD,Internet Connectivity,Medium,Phone,Resolved,229,68.83,Replacement equipment requested
TKT-000380,0668-OGMHD,Payment Issue,Low,Email,Open,240,69.5,Pending
TKT-000381,6507-ZJSUR,Technical Support,Medium,Phone,Open,256,61.55,Pending
TKT-000382,6507-ZJSUR,Billing,Medium,Phone,Resolved,128,44.05,Customer provided troubleshooting steps
TKT-000383,6766-HFKLA,Service Change,Medium,Email,In Progress,19,61.06,Pending
TKT-000384,9220-ZNKJI,Account Access,Low,Phone,Closed,13,75.25,Escalated to specialist
TKT-000385,9992-UJOEL,Technical Support,Low,Web,Resolved,1,48.69,Payment method updated
TKT-000386,9992-UJOEL,Internet Connectivity,Medium,Email,Resolved,162,28.46,Customer provided troubleshooting steps
TKT-000387,4821-WQOYN,Technical Support,Low,Email,Resolved,119,86.82,Billing adjustment applied
TKT-000388,2388-LAESQ,Internet Connectivity,Low,Chat,Open,224,92.65,Pending
TKT-000389,8711-LOBKY,Account Access,Low,Phone,Open,167,119.52,Pending
TKT-000390,8985-OOPOS,Account Access,Medium,Web,Closed,58,52.59,Service configuration updated
TKT-000391,2616-FLVQC,Billing,Medium,Chat,Open,130,20.46,Pending
TKT-000392,2616-FLVQC,Billing,Low,Phone,Resolved,73,55.46,Payment method updated
TKT-000393,9968-FFVVH,Equipment,Low,Phone,In Progress,267,21.58,Pending
TKT-000394,9968-FFVVH,Technical Support,Medium,Web,Closed,305,37.23,Replacement equipment requested
TKT-000395,8390-FESFV,Billing,Low,Phone,Resolved,287,49.93,Replacement equipment requested
TKT-000396,8390-FESFV,Equipment,Medium,Chat,Resolved,32,39.63,Billing adjustment applied
TKT-000397,6729-GDNGC,Equipment,Medium,Email,Closed,332,22.61,Escalated to specialist
TKT-000398,4945-RVMTE,Account Access,Low,Phone,Resolved,22,38.06,Billing adjustment applied
TKT-000399,4945-RVMTE,Billing,Low,Chat,Closed,255,58.29,Service configuration updated
TKT-000400,4945-RVMTE,Technical Support,Low,Phone,Closed,260,94.08,Replacement equipment requested
TKT-000401,9788-YTFGE,Equipment,Low,Chat,Closed,336,83.77,Account information updated
TKT-000402,3161-ONRWK,Streaming,Low,Chat,Closed,25,112.11,Payment method updated
TKT-000403,3161-ONRWK,Technical Support,Low,Phone,Open,115,54.83,Pending
TKT-000404,3910-MRQOY,Internet Connectivity,Low,Email,Closed,222,74.08,Issue resolved remotely
TKT-000405,0121-SNYRK,Account Access,Low,Web,Resolved,113,66.11,Service configuration updated
TKT-000406,1768-ZAIFU,Payment Issue,High,Chat,Resolved,213,8.91,Account information updated
TKT-000407,1768-ZAIFU,Account Access,Medium,Phone,Closed,271,24.33,Replacement equipment requested
TKT-000408,7690-KPNCU,Streaming,Low,Email,Closed,181,29.91,Account information updated
TKT-000409,2293-IJWPS,Billing,Low,Chat,Closed,246,53.89,Service configuration updated
TKT-000410,2293-IJWPS,Payment Issue,Medium,Email,Resolved,114,18.91,Customer provided troubleshooting steps
TKT-000411,2845-HSJCY,Streaming,Medium,Phone,In Progress,11,22.49,Pending
TKT-000412,2845-HSJCY,Technical Support,High,Web,Open,189,29.84,Pending
TKT-000413,5469-NUJUR,Technical Support,Low,Chat,Closed,113,54.49,Customer provided troubleshooting steps
TKT-000414,7266-GSSJX,Billing,Low,Phone,Resolved,202,61.68,Billing adjustment applied
TKT-000415,7266-GSSJX,Internet Connectivity,Low,Web,Closed,361,103.2,Issue resolved remotely
TKT-000416,7249-WBIYX,Payment Issue,Medium,Phone,Closed,282,39.81,Customer provided troubleshooting steps
TKT-000417,7249-WBIYX,Billing,Medium,Chat,Closed,40,64.45,Issue resolved remotely
TKT-000418,3071-MVJCD,Equipment,Low,Web,Resolved,159,111.26,Replacement equipment requested
TKT-000419,3071-MVJCD,Billing,Low,Email,Open,185,84.94,Pending
TKT-000420,1131-SUEKT,Streaming,Low,Email,Closed,57,93.44,Issue resolved remotely
TKT-000421,1131-SUEKT,Internet Connectivity,Low,Phone,Resolved,193,24.63,Customer provided troubleshooting steps
TKT-000422,3717-OEAUQ,Account Access,Medium,Chat,In Progress,87,42.51,Pending
TKT-000423,3717-OEAUQ,Equipment,Medium,Phone,Closed,168,71.26,Replacement equipment requested
TKT-000424,3334-CTHOL,Technical Support,Medium,Chat,Resolved,275,71.89,Account information updated
TKT-000425,3334-CTHOL,Technical Support,Low,Phone,Resolved,102,47.51,Customer provided troubleshooting steps
TKT-000426,9089-UOWJG,Internet Connectivity,Low,Email,Open,76,16.31,Pending
TKT-000427,9089-UOWJG,Billing,Medium,Web,In Progress,93,67.09,Pending
TKT-000428,8621-MNIHH,Service Change,Medium,Email,Closed,339,37.77,Replacement equipment requested
TKT-000429,8621-MNIHH,Internet Connectivity,High,Phone,Closed,314,18.81,Payment method updated
TKT-000430,3569-EDBPQ,Service Change,Medium,Phone,Resolved,191,10.92,Billing adjustment applied
TKT-000431,3569-EDBPQ,Payment Issue,Low,Phone,Resolved,277,75.48,Customer provided troubleshooting steps
TKT-000432,5419-CONWX,Billing,High,Web,Resolved,101,30.08,Payment method updated
TKT-000433,5419-CONWX,Internet Connectivity,High,Chat,Closed,349,27.93,Payment method updated
TKT-000434,7861-UVUFT,Technical Support,High,Phone,Resolved,152,7.96,Payment method updated
TKT-000435,7861-UVUFT,Technical Support,High,Phone,Closed,274,18.65,Service configuration updated
TKT-000436,8785-CJSHH,Internet Connectivity,Low,Phone,In Progress,53,69.14,Pending
TKT-000437,5357-TZHPP,Internet Connectivity,Medium,Phone,Resolved,171,22.2,Service configuration updated
TKT-000438,5357-TZHPP,Billing,High,Phone,Open,71,35.4,Pending
TKT-000439,0506-LVNGN,Account Access,High,Email,Open,147,23.94,Pending
TKT-000440,0506-LVNGN,Technical Support,Medium,Phone,Closed,156,32.26,Escalated to specialist
TKT-000441,7677-SJJJK,Streaming,Low,Web,Closed,223,28.11,Replacement equipment requested
TKT-000442,2480-EJWYP,Service Change,Medium,Phone,In Progress,93,10.21,Pending
TKT-000443,7055-HNEOJ,Streaming,Low,Chat,In Progress,220,75.7,Pending
TKT-000444,7055-HNEOJ,Service Change,Medium,Chat,Resolved,188,21.29,Service configuration updated
TKT-000445,5514-YQENT,Equipment,Low,Phone,Resolved,260,38.42,Issue resolved remotely
TKT-000446,8445-DNBAE,Streaming,Medium,Phone,Closed,242,34.77,Billing adjustment applied
TKT-000447,8445-DNBAE,Internet Connectivity,High,Email,Closed,339,28.85,Customer provided troubleshooting steps
TKT-000448,2958-NHPPS,Equipment,Low,Phone,Resolved,191,38.78,Issue resolved remotely
TKT-000449,6890-PFRQX,Payment Issue,Medium,Web,Open,42,42.75,Pending
TKT-000450,6890-PFRQX,Internet Connectivity,Low,Phone,Resolved,93,82.29,Payment method updated
TKT-000451,6890-PFRQX,Billing,Medium,Chat,Resolved,71,53.44,Replacement equipment requested
TKT-000452,7893-IXHRQ,Equipment,Low,Phone,In Progress,262,19.17,Pending
TKT-000453,7893-IXHRQ,Internet Connectivity,Low,Phone,Resolved,75,97.41,Service configuration updated
TKT-000454,6234-PFPXL,Internet Connectivity,Medium,Web,Resolved,301,21.45,Replacement equipment requested
TKT-000455,6234-PFPXL,Streaming,Low,Web,Closed,171,92.53,Customer provided troubleshooting steps
TKT-000456,9824-QCJPK,Payment Issue,Low,Phone,Open,276,43.64,Pending
TKT-000457,8970-ANWXO,Payment Issue,Low,Chat,In Progress,281,21.89,Pending
TKT-000458,8970-ANWXO,Internet Connectivity,Low,Chat,Resolved,216,73.64,Payment method updated
TKT-000459,9480-BQJEI,Internet Connectivity,Low,Chat,Closed,234,97.31,Payment method updated
TKT-000460,9283-LZQOH,Internet Connectivity,Medium,Chat,Closed,262,8.32,Service configuration updated
TKT-000461,9283-LZQOH,Internet Connectivity,High,Email,Resolved,245,18.32,Account information updated
TKT-000462,5469-CTCWN,Streaming,Low,Email,Resolved,288,107.75,Customer provided troubleshooting steps
TKT-000463,5469-CTCWN,Billing,Low,Chat,Closed,315,78.67,Payment method updated
TKT-000464,1092-GANHU,Internet Connectivity,Medium,Web,Resolved,51,64.5,Customer provided troubleshooting steps
TKT-000465,1092-GANHU,Internet Connectivity,Medium,Phone,Resolved,53,36.7,Replacement equipment requested
TKT-000466,2924-KHUVI,Streaming,Medium,Email,Closed,5,29.6,Escalated to specialist
TKT-000467,7881-EVUAD,Account Access,Medium,Phone,In Progress,91,57.98,Pending
TKT-000468,7881-EVUAD,Payment Issue,Medium,Web,In Progress,272,66.82,Pending
TKT-000469,6184-DYUOB,Equipment,Medium,Web,Closed,329,13.35,Issue resolved remotely
TKT-000470,6184-DYUOB,Technical Support,Low,Email,In Progress,81,115.61,Pending
TKT-000471,9327-QSDED,Account Access,Medium,Chat,Resolved,160,68.01,Customer provided troubleshooting steps
TKT-000472,9327-QSDED,Internet Connectivity,Low,Chat,Closed,2,80.3,Payment method updated
TKT-000473,0330-IVZHA,Service Change,Medium,Phone,In Progress,335,29.2,Pending
TKT-000474,0330-IVZHA,Technical Support,Medium,Web,In Progress,93,52.09,Pending
TKT-000475,3794-NFNCH,Technical Support,Medium,Phone,Open,100,56.71,Pending
TKT-000476,3794-NFNCH,Payment Issue,Low,Web,Closed,6,30.69,Billing adjustment applied
TKT-000477,3794-NFNCH,Streaming,Low,Chat,Closed,13,88.87,Replacement equipment requested
TKT-000478,7114-AEOZE,Internet Connectivity,Low,Web,Resolved,294,32.1,Issue resolved remotely
TKT-000479,7114-AEOZE,Internet Connectivity,Low,Email,Open,170,118.08,Pending
TKT-000480,4237-RLAQD,Internet Connectivity,Medium,Chat,Resolved,85,20.07,Issue resolved remotely
TKT-000481,4237-RLAQD,Billing,Medium,Chat,Closed,64,71.01,Replacement equipment requested
TKT-000482,4237-RLAQD,Service Change,Low,Web,Closed,255,66.78,Issue resolved remotely
TKT-000483,2245-ADZFJ,Internet Connectivity,Low,Phone,In Progress,361,90.52,Pending
TKT-000484,2245-ADZFJ,Equipment,Low,Phone,In Progress,222,71.77,Pending
TKT-000485,2245-ADZFJ,Service Change,Low,Web,Resolved,211,28.66,Issue resolved remotely
TKT-000486,9313-QOLTZ,Payment Issue,Medium,Chat,Closed,192,34.67,Escalated to specialist
TKT-000487,9313-QOLTZ,Billing,Low,Phone,Open,229,87.74,Pending
TKT-000488,9313-QOLTZ,Payment Issue,Low,Chat,In Progress,93,13.4,Pending
TKT-000489,4672-FOTSD,Internet Connectivity,Low,Chat,Closed,106,27.01,Replacement equipment requested
TKT-000490,7338-ERIVA,Service Change,Low,Web,Resolved,62,24.11,Payment method updated
TKT-000491,7338-ERIVA,Technical Support,Low,Phone,In Progress,164,42.77,Pending
TKT-000492,4751-ERMAN,Internet Connectivity,Medium,Email,Resolved,287,15.35,Billing adjustment applied
TKT-000493,1436-ZMJAN,Internet Connectivity,Medium,Web,Closed,45,43.39,Escalated to specialist
TKT-000494,3292-PBZEJ,Technical Support,Medium,Phone,Closed,295,44.18,Billing adjustment applied
TKT-000495,3292-PBZEJ,Billing,Medium,Phone,Closed,6,29.68,Payment method updated
TKT-000496,5014-WUQMG,Internet Connectivity,Medium,Phone,Closed,342,46.06,Escalated to specialist
TKT-000497,9254-RBFON,Service Change,Low,Web,Closed,152,46.97,Service configuration updated
TKT-000498,1205-WNWPJ,Service Change,Low,Phone,In Progress,59,80.98,Pending
TKT-000499,2720-FVBQP,Technical Support,Low,Web,Resolved,226,74.53,Replacement equipment requested
TKT-000500,9906-NHHVC,Technical Support,Medium,Web,Closed,314,9.69,Payment method updated
TKT-000501,3766-EJLFL,Internet Connectivity,Low,Chat,Closed,123,18.68,Issue resolved remotely
TKT-000502,3766-EJLFL,Billing,Low,Email,Open,294,70.97,Pending
TKT-000503,3766-EJLFL,Account Access,Low,Chat,Open,316,21.24,Pending
TKT-000504,2761-OCIAX,Billing,Medium,Chat,Closed,201,62.2,Service configuration updated
TKT-000505,2761-OCIAX,Technical Support,High,Phone,Resolved,25,12.8,Escalated to specialist
TKT-000506,6374-NTQLP,Internet Connectivity,Low,Web,Resolved,205,43.57,Escalated to specialist
TKT-000507,4154-AQUGT,Internet Connectivity,High,Phone,In Progress,255,25.5,Pending
TKT-000508,4154-AQUGT,Payment Issue,High,Web,Closed,325,7.72,Issue resolved remotely
TKT-000509,2812-REYAT,Internet Connectivity,Low,Web,Resolved,341,85.22,Payment method updated
TKT-000510,2439-LYPMQ,Internet Connectivity,Medium,Web,Resolved,46,29.14,Billing adjustment applied
TKT-000511,2439-LYPMQ,Service Change,High,Web,In Progress,1,5.16,Pending
TKT-000512,2439-LYPMQ,Equipment,Medium,Web,Resolved,223,66.59,Issue resolved remotely
TKT-000513,4248-QPAVC,Streaming,Low,Email,Closed,243,33.89,Service configuration updated
TKT-000514,2988-PLAHS,Technical Support,Medium,Phone,Resolved,320,52.71,Customer provided troubleshooting steps
TKT-000515,2988-PLAHS,Streaming,Low,Email,Closed,310,23.9,Issue resolved remotely
TKT-000516,4690-LLKUA,Account Access,Low,Web,Closed,182,106.82,Escalated to specialist
TKT-000517,4690-LLKUA,Payment Issue,Medium,Web,In Progress,264,50.17,Pending
TKT-000518,3331-HQDTW,Technical Support,Low,Phone,In Progress,159,96.97,Pending
TKT-000519,7426-WEIJX,Payment Issue,Medium,Chat,Resolved,40,17.87,Payment method updated
TKT-000520,6625-FLENO,Billing,Medium,Chat,Closed,265,43.69,Service configuration updated
TKT-000521,2967-MXRAV,Internet Connectivity,Low,Phone,Resolved,162,12.77,Billing adjustment applied
TKT-000522,2967-MXRAV,Account Access,Low,Phone,In Progress,321,106.93,Pending
TKT-000523,2967-MXRAV,Internet Connectivity,Low,Phone,Closed,342,86.72,Account information updated
TKT-000524,4829-AUOAX,Billing,Low,Chat,Closed,108,109.45,Escalated to specialist
TKT-000525,4735-BJKOU,Payment Issue,Low,Phone,Closed,141,93.14,Billing adjustment applied
TKT-000526,7359-WWYJV,Account Access,Low,Email,Resolved,297,60.29,Payment method updated
TKT-000527,7359-WWYJV,Account Access,Low,Web,Resolved,294,110.18,Account information updated
TKT-000528,8593-WHYHV,Account Access,High,Chat,Closed,329,26.4,Service configuration updated
TKT-000529,8593-WHYHV,Payment Issue,Urgent,Phone,Closed,225,7.47,Payment method updated
TKT-000530,8593-WHYHV,Billing,Urgent,Phone,Resolved,209,8.89,Account information updated
TKT-000531,8593-WHYHV,Payment Issue,High,Web,Closed,354,4.02,Service configuration updated
TKT-000532,8593-WHYHV,Service Change,Urgent,Web,Resolved,157,8.5,Account information updated
TKT-000533,3795-GWTRD,Streaming,Low,Email,Closed,163,93.58,Escalated to specialist
TKT-000534,6223-DHJGV,Internet Connectivity,Low,Web,Closed,222,23.84,Account information updated
TKT-000535,8158-WPEZG,Technical Support,Low,Phone,Open,138,64.31,Pending
TKT-000536,0727-BNRLG,Billing,Low,Chat,In Progress,109,36.66,Pending
TKT-000537,7279-NMVJC,Internet Connectivity,Low,Web,Closed,197,36.33,Escalated to specialist
TKT-000538,5136-RGMZO,Technical Support,Medium,Phone,Closed,89,63.28,Account information updated
TKT-000539,8345-MVDYC,Internet Connectivity,Low,Chat,In Progress,342,111.99,Pending
TKT-000540,3877-JRJIP,Technical Support,High,Email,Resolved,324,35.15,Customer provided troubleshooting steps
TKT-000541,3877-JRJIP,Payment Issue,High,Chat,Resolved,82,28.38,Billing adjustment applied
TKT-000542,8375-DKEBR,Internet Connectivity,Medium,Web,Resolved,52,24.43,Account information updated
TKT-000543,8375-DKEBR,Payment Issue,Medium,Chat,Closed,229,54.24,Payment method updated
TKT-000544,1015-OWJKI,Payment Issue,Low,Chat,Resolved,142,98.82,Billing adjustment applied
TKT-000545,1015-OWJKI,Internet Connectivity,Medium,Phone,Open,174,63.65,Pending
TKT-000546,1015-OWJKI,Equipment,Medium,Phone,Resolved,97,40.08,Customer provided troubleshooting steps
TKT-000547,8646-JCOMS,Streaming,Low,Phone,In Progress,223,36.38,Pending
TKT-000548,9804-ICWBG,Internet Connectivity,High,Chat,Closed,210,15.7,Replacement equipment requested
TKT-000549,9804-ICWBG,Billing,Medium,Chat,Closed,90,36.86,Billing adjustment applied
TKT-000550,9804-ICWBG,Payment Issue,High,Email,Resolved,76,24.57,Replacement equipment requested
TKT-000551,4137-JOPHL,Billing,Medium,Web,Resolved,172,11.96,Service configuration updated
TKT-000552,0134-XWXCE,Internet Connectivity,Medium,Phone,Resolved,260,60.21,Issue resolved remotely
TKT-000553,0134-XWXCE,Internet Connectivity,Low,Web,Closed,87,38.68,Payment method updated
TKT-000554,2511-MORQY,Internet Connectivity,Low,Phone,Resolved,278,20.96,Billing adjustment applied
TKT-000555,2511-MORQY,Internet Connectivity,Low,Phone,Closed,81,110.1,Customer provided troubleshooting steps
TKT-000556,8763-KIAFH,Service Change,Low,Phone,Resolved,122,53.04,Customer provided troubleshooting steps
TKT-000557,8763-KIAFH,Account Access,Low,Phone,Resolved,14,97.39,Billing adjustment applied
TKT-000558,3055-VTCGS,Internet Connectivity,Low,Phone,In Progress,23,30.47,Pending
TKT-000559,3055-VTCGS,Technical Support,Low,Phone,In Progress,217,114.85,Pending
TKT-000560,7279-BUYWN,Technical Support,Low,Phone,Resolved,287,93.21,Service configuration updated
TKT-000561,7198-GLXTC,Internet Connectivity,Medium,Web,Open,272,23.62,Pending
TKT-000562,7198-GLXTC,Account Access,High,Phone,Open,241,25.44,Pending
TKT-000563,5207-PLSTK,Service Change,Medium,Email,Closed,211,62.54,Account information updated
TKT-000564,2307-FYNNL,Payment Issue,Medium,Web,Closed,61,40.96,Replacement equipment requested
TKT-000565,2307-FYNNL,Equipment,Low,Chat,Closed,312,38.88,Escalated to specialist
TKT-000566,2155-AMQRX,Payment Issue,Medium,Web,Closed,241,18.71,Service configuration updated
TKT-000567,2155-AMQRX,Streaming,Low,Chat,Closed,290,34.81,Payment method updated
TKT-000568,8623-ULFNQ,Equipment,Medium,Chat,Open,75,64.09,Pending
TKT-000569,8380-PEFPE,Internet Connectivity,Medium,Web,Resolved,58,37.73,Account information updated
TKT-000570,8380-PEFPE,Internet Connectivity,Medium,Email,In Progress,87,71.24,Pending
TKT-000571,8401-EMUWF,Billing,Low,Chat,Open,304,48.39,Pending
TKT-000572,3506-OVLKD,Service Change,Medium,Chat,Closed,241,58.72,Account information updated
TKT-000573,3506-OVLKD,Technical Support,Low,Chat,Open,39,21.18,Pending
TKT-000574,2178-PMGCJ,Equipment,Low,Email,Resolved,71,25.81,Escalated to specialist
TKT-000575,2178-PMGCJ,Internet Connectivity,Medium,Phone,In Progress,4,17.83,Pending
TKT-000576,7492-TAFJD,Account Access,Low,Web,Closed,6,13.68,Billing adjustment applied
TKT-000577,6910-HADCM,Internet Connectivity,Medium,Phone,Open,165,48.29,Pending
TKT-000578,6910-HADCM,Equipment,High,Phone,Resolved,320,5.97,Service configuration updated
TKT-000579,1927-QEWMY,Technical Support,Low,Chat,In Progress,292,95.0,Pending
TKT-000580,0794-YVSGE,Technical Support,Low,Web,Closed,105,47.41,Billing adjustment applied
TKT-000581,3030-YDNRM,Account Access,High,Web,Resolved,206,13.29,Payment method updated
TKT-000582,3030-YDNRM,Technical Support,High,Chat,Open,159,25.84,Pending
TKT-000583,3030-YDNRM,Account Access,High,Email,Resolved,324,27.43,Service configuration updated
TKT-000584,3030-YDNRM,Service Change,Medium,Web,In Progress,185,31.47,Pending
TKT-000585,8080-DDEMJ,Account Access,Low,Web,Closed,245,20.8,Replacement equipment requested
TKT-000586,8058-DMYRU,Billing,Medium,Email,Resolved,202,44.08,Billing adjustment applied
TKT-000587,1265-HVPZB,Account Access,Low,Phone,Resolved,60,24.95,Issue resolved remotely
TKT-000588,7369-TRPFD,Technical Support,Low,Phone,Closed,298,89.49,Payment method updated
TKT-000589,7369-TRPFD,Equipment,Low,Email,Resolved,83,118.58,Issue resolved remotely
TKT-000590,7369-TRPFD,Equipment,Medium,Phone,In Progress,307,41.02,Pending
TKT-000591,2485-ITVKB,Streaming,High,Web,Resolved,318,10.15,Customer provided troubleshooting steps
TKT-000592,2485-ITVKB,Billing,High,Web,Closed,39,25.39,Billing adjustment applied
TKT-000593,5296-BFCYD,Equipment,Low,Web,Closed,11,105.47,Payment method updated
TKT-000594,5296-BFCYD,Technical Support,Low,Web,Resolved,336,83.33,Service configuration updated
TKT-000595,7054-LGEQW,Internet Connectivity,Medium,Email,Resolved,24,43.84,Customer provided troubleshooting steps
TKT-000596,0923-PNFUB,Equipment,Medium,Web,Closed,288,40.65,Service configuration updated
TKT-000597,0923-PNFUB,Billing,High,Phone,In Progress,106,19.93,Pending
TKT-000598,9637-CDTKZ,Billing,Low,Chat,In Progress,303,107.23,Pending
TKT-000599,0463-WZZKO,Billing,Medium,Web,In Progress,122,68.44,Pending
TKT-000600,4524-QCSSM,Billing,Low,Email,Closed,244,54.76,Issue resolved remotely
TKT-000601,4524-QCSSM,Internet Connectivity,Low,Phone,Closed,340,21.76,Billing adjustment applied
TKT-000602,8840-DQLGN,Internet Connectivity,Low,Email,In Progress,209,68.36,Pending
TKT-000603,4547-LYTDD,Billing,Medium,Phone,Open,251,49.72,Pending
TKT-000604,4547-LYTDD,Billing,Medium,Phone,Resolved,4,12.6,Billing adjustment applied
TKT-000605,6770-XUAGN,Technical Support,Medium,Email,Closed,198,13.16,Payment method updated
TKT-000606,3466-WAESX,Internet Connectivity,Low,Web,Open,262,31.48,Pending
TKT-000607,3750-YHRYO,Technical Support,Medium,Web,In Progress,207,39.7,Pending
TKT-000608,3750-YHRYO,Internet Connectivity,Low,Phone,Resolved,363,112.41,Customer provided troubleshooting steps
TKT-000609,6651-AZVTJ,Account Access,High,Web,In Progress,351,27.08,Pending
TKT-000610,6651-AZVTJ,Internet Connectivity,Medium,Email,Resolved,267,68.6,Account information updated
TKT-000611,0019-EFAEP,Service Change,Low,Web,Closed,66,81.16,Billing adjustment applied
TKT-000612,0019-EFAEP,Technical Support,Low,Phone,Resolved,299,52.91,Account information updated
TKT-000613,4703-MQYKT,Technical Support,Medium,Email,In Progress,274,24.63,Pending
TKT-000614,4703-MQYKT,Internet Connectivity,Low,Chat,Resolved,161,84.26,Escalated to specialist
TKT-000615,5419-KLXBN,Technical Support,Medium,Phone,Closed,114,33.29,Escalated to specialist
TKT-000616,3365-SAIGS,Streaming,High,Web,In Progress,76,29.25,Pending
TKT-000617,3365-SAIGS,Internet Connectivity,High,Phone,Closed,281,24.71,Payment method updated
TKT-000618,3365-SAIGS,Technical Support,Medium,Web,Open,160,44.73,Pending
TKT-000619,3858-VOBET,Technical Support,Medium,Chat,In Progress,39,42.57,Pending
TKT-000620,3858-VOBET,Equipment,High,Phone,Resolved,245,7.23,Customer provided troubleshooting steps
TKT-000621,9139-WQQDY,Equipment,Low,Phone,In Progress,79,79.15,Pending
TKT-000622,9139-WQQDY,Service Change,Medium,Chat,In Progress,160,27.57,Pending
TKT-000623,1492-QGCLU,Billing,Low,Email,Closed,179,46.74,Service configuration updated
TKT-000624,1492-QGCLU,Equipment,Medium,Chat,Resolved,116,45.73,Billing adjustment applied
TKT-000625,1492-QGCLU,Equipment,Low,Email,Resolved,200,107.8,Account information updated
TKT-000626,6845-RGTYS,Streaming,Low,Web,Resolved,204,110.13,Account information updated
TKT-000627,5155-AZQPB,Account Access,Low,Web,Resolved,126,66.33,Issue resolved remotely
TKT-000628,5155-AZQPB,Equipment,Low,Web,Closed,1,15.62,Service configuration updated
TKT-000629,0181-RITDD,Technical Support,Low,Chat,Open,287,56.89,Pending
TKT-000630,9720-JJJOR,Technical Support,Low,Web,Resolved,20,110.03,Issue resolved remotely
TKT-000631,8775-ERLNB,Technical Support,Medium,Phone,Resolved,192,33.37,Account information updated
TKT-000632,8775-ERLNB,Account Access,Medium,Web,Open,146,37.41,Pending
TKT-000633,6557-BZXLQ,Service Change,High,Chat,In Progress,47,23.58,Pending
TKT-000634,6557-BZXLQ,Streaming,High,Chat,Closed,282,26.38,Customer provided troubleshooting steps
TKT-000635,6557-BZXLQ,Technical Support,High,Phone,Closed,333,6.23,Customer provided troubleshooting steps
TKT-000636,6557-BZXLQ,Technical Support,Medium,Web,Closed,221,25.91,Account information updated
TKT-000637,7061-OVMIM,Billing,Medium,Phone,In Progress,249,59.6,Pending
TKT-000638,5804-HYIEZ,Account Access,Medium,Phone,Closed,248,36.72,Issue resolved remotely
TKT-000639,9919-FZDED,Service Change,Low,Phone,Resolved,204,32.04,Service configuration updated
TKT-000640,5934-TSSAU,Billing,Medium,Phone,Closed,112,29.41,Issue resolved remotely
TKT-000641,5934-TSSAU,Internet Connectivity,Low,Chat,Closed,324,72.12,Customer provided troubleshooting steps
TKT-000642,2955-BJZHG,Streaming,Low,Chat,Closed,258,30.56,Issue resolved remotely
TKT-000643,6784-XYJAE,Equipment,Low,Chat,Resolved,358,63.44,Account information updated
TKT-000644,2190-BCXEC,Service Change,Low,Phone,Closed,356,98.42,Customer provided troubleshooting steps
TKT-000645,2911-WDXMV,Internet Connectivity,Low,Chat,Resolved,247,15.29,Issue resolved remotely
TKT-000646,9779-DPNEJ,Streaming,Medium,Email,Closed,159,60.28,Billing adjustment applied
TKT-000647,9779-DPNEJ,Service Change,High,Chat,Resolved,203,28.22,Account information updated
TKT-000648,1379-FRVEB,Technical Support,High,Phone,Closed,320,16.95,Issue resolved remotely
TKT-000649,1379-FRVEB,Equipment,Medium,Phone,Closed,356,47.39,Billing adjustment applied
TKT-000650,1379-FRVEB,Billing,High,Email,In Progress,364,35.82,Pending
TKT-000651,1379-FRVEB,Account Access,Medium,Phone,Open,278,59.81,Pending
TKT-000652,6288-CHQJB,Technical Support,Low,Chat,Resolved,299,89.1,Payment method updated
TKT-000653,8160-HOWOX,Internet Connectivity,Medium,Web,In Progress,66,68.16,Pending
TKT-000654,8160-HOWOX,Account Access,High,Phone,Closed,286,4.1,Account information updated
TKT-000655,8160-HOWOX,Account Access,High,Email,Closed,275,30.38,Payment method updated
TKT-000656,8160-HOWOX,Technical Support,High,Phone,Open,325,5.88,Pending
TKT-000657,4223-BKEOR,Equipment,Medium,Email,Open,118,38.34,Pending
TKT-000658,4223-BKEOR,Equipment,Low,Phone,Open,290,99.65,Pending
TKT-000659,4079-VTGLK,Billing,Low,Chat,In Progress,125,94.73,Pending
TKT-000660,5628-FCGYG,Technical Support,High,Phone,In Progress,253,5.66,Pending
TKT-000661,5628-FCGYG,Equipment,High,Phone,Closed,255,27.73,Payment method updated
TKT-000662,5628-FCGYG,Internet Connectivity,High,Email,Resolved,363,7.78,Replacement equipment requested
TKT-000663,4335-UPJSI,Account Access,Low,Phone,Resolved,321,67.3,Issue resolved remotely
TKT-000664,0524-IAVZO,Account Access,Medium,Phone,Closed,265,9.68,Escalated to specialist
TKT-000665,0524-IAVZO,Technical Support,Medium,Web,In Progress,39,66.58,Pending
TKT-000666,2737-YNGYW,Billing,High,Phone,Resolved,45,20.61,Account information updated
TKT-000667,2737-YNGYW,Service Change,Medium,Phone,Resolved,161,18.05,Account information updated
TKT-000668,5159-YFPKQ,Payment Issue,High,Phone,Open,282,23.06,Pending
TKT-000669,5159-YFPKQ,Equipment,Medium,Phone,Closed,180,11.35,Billing adjustment applied
TKT-000670,5159-YFPKQ,Payment Issue,Medium,Chat,In Progress,348,8.89,Pending
TKT-000671,8699-ASUFO,Technical Support,Medium,Chat,In Progress,88,45.9,Pending
TKT-000672,8699-ASUFO,Technical Support,Medium,Phone,In Progress,105,27.72,Pending
TKT-000673,1895-QTKDO,Payment Issue,Low,Web,Resolved,293,37.52,Account information updated
TKT-000674,1895-QTKDO,Internet Connectivity,Low,Phone,Open,56,110.49,Pending
TKT-000675,1895-QTKDO,Billing,Medium,Web,Resolved,104,9.3,Service configuration updated
TKT-000676,7311-MQJCH,Streaming,Low,Web,Resolved,86,28.09,Billing adjustment applied
TKT-000677,7311-MQJCH,Account Access,Low,Web,Closed,238,47.33,Payment method updated
TKT-000678,7375-WMVMT,Internet Connectivity,Low,Chat,In Progress,364,37.43,Pending
TKT-000679,7375-WMVMT,Streaming,Low,Phone,Resolved,342,82.69,Payment method updated
TKT-000680,7375-WMVMT,Technical Support,Low,Email,Closed,164,80.68,Payment method updated
TKT-000681,1136-XGEQU,Internet Connectivity,Medium,Chat,In Progress,65,26.46,Pending
TKT-000682,1136-XGEQU,Technical Support,Low,Email,Closed,272,41.31,Issue resolved remotely
TKT-000683,2514-GINMM,Technical Support,High,Chat,Closed,163,18.56,Issue resolved remotely
TKT-000684,2514-GINMM,Account Access,High,Web,In Progress,290,10.01,Pending
TKT-000685,2514-GINMM,Payment Issue,High,Web,Resolved,313,7.9,Escalated to specialist
TKT-000686,8532-UEFWH,Internet Connectivity,Low,Chat,In Progress,357,21.16,Pending
TKT-000687,2659-VXMWZ,Payment Issue,Medium,Web,Closed,18,51.61,Replacement equipment requested
TKT-000688,3207-OYBWH,Technical Support,Medium,Chat,Resolved,313,40.2,Payment method updated
TKT-000689,7036-TYDEC,Service Change,Medium,Web,In Progress,336,9.9,Pending
TKT-000690,0839-JTCUD,Technical Support,Low,Email,In Progress,75,90.38,Pending
TKT-000691,0839-JTCUD,Internet Connectivity,Low,Phone,Closed,173,39.04,Replacement equipment requested
TKT-000692,0839-JTCUD,Payment Issue,Medium,Phone,Closed,134,71.37,Replacement equipment requested
TKT-000693,1302-UHBDD,Internet Connectivity,High,Chat,In Progress,358,5.19,Pending
TKT-000694,1302-UHBDD,Technical Support,High,Email,Resolved,301,15.65,Customer provided troubleshooting steps
TKT-000695,8619-IJNDK,Internet Connectivity,Medium,Web,Open,215,51.39,Pending
TKT-000696,8619-IJNDK,Payment Issue,Medium,Chat,Closed,198,40.37,Account information updated
TKT-000697,8378-LKJAF,Service Change,Medium,Web,In Progress,354,20.97,Pending
TKT-000698,8378-LKJAF,Internet Connectivity,Medium,Phone,Resolved,334,33.43,Billing adjustment applied
TKT-000699,8378-LKJAF,Account Access,Medium,Chat,Closed,133,28.6,Replacement equipment requested
TKT-000700,0788-DXBFY,Internet Connectivity,Low,Email,Closed,157,84.92,Billing adjustment applied
TKT-000701,0788-DXBFY,Technical Support,Low,Phone,In Progress,174,60.23,Pending
TKT-000702,2482-CZGBB,Internet Connectivity,High,Email,Resolved,185,23.93,Issue resolved remotely
TKT-000703,2482-CZGBB,Payment Issue,Medium,Phone,In Progress,134,36.62,Pending
TKT-000704,4500-HKANN,Internet Connectivity,Low,Phone,Open,25,30.99,Pending
TKT-000705,9917-KWRBE,Internet Connectivity,Low,Phone,Resolved,128,119.44,Billing adjustment applied
TKT-000706,2212-LYASK,Internet Connectivity,Low,Chat,Resolved,201,25.63,Account information updated
TKT-000707,2212-LYASK,Billing,Low,Email,Closed,41,74.02,Issue resolved remotely
TKT-000708,2212-LYASK,Internet Connectivity,Low,Web,Closed,60,74.56,Issue resolved remotely
TKT-000709,0866-QLSIR,Payment Issue,Low,Phone,Closed,250,45.1,Customer provided troubleshooting steps
TKT-000710,7181-BQYBV,Internet Connectivity,High,Phone,In Progress,149,6.48,Pending
TKT-000711,7181-BQYBV,Equipment,High,Chat,Open,124,35.9,Pending
TKT-000712,7322-OCWHC,Internet Connectivity,Low,Chat,Closed,2,38.41,Payment method updated
TKT-000713,9537-VHDTA,Equipment,Low,Web,Resolved,62,68.69,Payment method updated
TKT-000714,9537-VHDTA,Payment Issue,Medium,Phone,Resolved,320,16.57,Billing adjustment applied
TKT-000715,9030-QGZNL,Billing,Low,Phone,In Progress,172,38.56,Pending
TKT-000716,7205-BAIAD,Equipment,Low,Phone,In Progress,154,66.71,Pending
TKT-000717,7180-PISOG,Technical Support,High,Chat,In Progress,282,14.77,Pending
TKT-000718,7180-PISOG,Payment Issue,Medium,Web,Resolved,59,66.63,Billing adjustment applied
TKT-000719,0015-UOCOJ,Internet Connectivity,Medium,Chat,Closed,68,16.4,Issue resolved remotely
TKT-000720,5334-AFQJB,Internet Connectivity,Low,Phone,Closed,201,15.93,Issue resolved remotely
TKT-000721,2754-SDJRD,Account Access,High,Phone,Open,91,15.65,Pending
TKT-000722,2754-SDJRD,Technical Support,High,Web,Resolved,231,6.09,Escalated to specialist
TKT-000723,1587-FKLZB,Technical Support,Medium,Web,Closed,59,25.44,Payment method updated
TKT-000724,1587-FKLZB,Service Change,Medium,Chat,In Progress,17,33.43,Pending
TKT-000725,1587-FKLZB,Billing,Low,Phone,Open,178,20.85,Pending
TKT-000726,1465-LNTLJ,Service Change,Low,Email,Closed,80,116.43,Service configuration updated
TKT-000727,7470-MCQTK,Internet Connectivity,High,Chat,In Progress,166,4.54,Pending
TKT-000728,7470-MCQTK,Internet Connectivity,High,Phone,Resolved,364,19.33,Customer provided troubleshooting steps
TKT-000729,7470-MCQTK,Equipment,High,Phone,Resolved,158,18.8,Issue resolved remotely
TKT-000730,7401-JIXNM,Payment Issue,Low,Web,Resolved,148,67.89,Service configuration updated
TKT-000731,7401-JIXNM,Service Change,Low,Web,Closed,11,37.53,Issue resolved remotely
TKT-000732,9339-FIIJL,Technical Support,Low,Phone,Closed,173,88.04,Replacement equipment requested
TKT-000733,2027-FECZV,Technical Support,Medium,Chat,Resolved,286,45.99,Escalated to specialist
TKT-000734,2027-FECZV,Internet Connectivity,High,Phone,Closed,247,6.36,Account information updated
TKT-000735,4706-DGAHW,Billing,Low,Web,Closed,236,58.34,Billing adjustment applied
TKT-000736,4947-DSMXK,Internet Connectivity,Medium,Phone,Resolved,273,20.91,Account information updated
TKT-000737,4947-DSMXK,Payment Issue,High,Phone,In Progress,48,18.82,Pending
TKT-000738,3324-OIRTO,Billing,Low,Email,Resolved,104,95.72,Billing adjustment applied
TKT-000739,7928-VJYAB,Billing,Medium,Web,In Progress,335,35.74,Pending
TKT-000740,7928-VJYAB,Internet Connectivity,High,Web,Resolved,107,11.1,Service configuration updated
TKT-000741,7928-VJYAB,Service Change,Medium,Phone,Resolved,338,46.57,Service configuration updated
TKT-000742,2972-YDYUW,Equipment,Medium,Chat,Open,307,71.98,Pending
TKT-000743,4981-FLTMF,Internet Connectivity,Low,Chat,In Progress,74,35.85,Pending
TKT-000744,4277-BWBML,Equipment,Medium,Phone,Resolved,325,64.22,Customer provided troubleshooting steps
TKT-000745,4304-TSPVK,Account Access,Medium,Chat,In Progress,166,15.72,Pending
TKT-000746,4304-TSPVK,Technical Support,Low,Phone,Closed,24,92.87,Account information updated
TKT-000747,8739-XNIKG,Streaming,High,Phone,Resolved,266,32.15,Billing adjustment applied
TKT-000748,8739-XNIKG,Technical Support,High,Web,In Progress,117,13.17,Pending
TKT-000749,8739-XNIKG,Payment Issue,Urgent,Phone,Closed,177,2.69,Replacement equipment requested
TKT-000750,8739-XNIKG,Technical Support,Urgent,Phone,Resolved,146,1.59,Account information updated
TKT-000751,9755-JHNMN,Streaming,Low,Web,Closed,173,82.8,Account information updated
TKT-000752,5103-MHMHY,Internet Connectivity,Medium,Email,In Progress,228,23.15,Pending
TKT-000753,5103-MHMHY,Equipment,Low,Chat,Resolved,82,29.18,Customer provided troubleshooting steps
TKT-000754,0235-KGSLC,Internet Connectivity,Medium,Web,Open,8,9.99,Pending
TKT-000755,0235-KGSLC,Account Access,High,Phone,Open,251,22.63,Pending
TKT-000756,5498-IBWPI,Technical Support,Low,Email,Closed,39,36.18,Escalated to specialist
TKT-000757,9308-ANMVE,Billing,Low,Chat,Resolved,202,111.29,Customer provided troubleshooting steps
TKT-000758,7649-PHJVR,Billing,Medium,Web,Closed,241,22.31,Service configuration updated
TKT-000759,3787-TRIAL,Technical Support,Low,Phone,Resolved,190,94.82,Replacement equipment requested
TKT-000760,3722-WPXTK,Billing,High,Chat,Closed,307,16.89,Replacement equipment requested
TKT-000761,3722-WPXTK,Internet Connectivity,High,Chat,In Progress,275,13.32,Pending
TKT-000762,3722-WPXTK,Technical Support,High,Web,Resolved,217,30.88,Escalated to specialist
TKT-000763,3893-JRNFS,Account Access,Low,Web,Resolved,157,75.94,Billing adjustment applied
TKT-000764,3893-JRNFS,Billing,Low,Phone,Closed,285,78.42,Service configuration updated
TKT-000765,1133-KXCGE,Equipment,Low,Chat,Closed,47,28.28,Customer provided troubleshooting steps
TKT-000766,5236-PERKL,Technical Support,Low,Phone,Closed,295,29.18,Account information updated
TKT-000767,9481-SFCQY,Internet Connectivity,Low,Phone,Resolved,197,41.67,Account information updated
TKT-000768,9481-SFCQY,Technical Support,Medium,Phone,Resolved,204,18.32,Customer provided troubleshooting steps
TKT-000769,9481-SFCQY,Internet Connectivity,Low,Web,Closed,358,50.61,Service configuration updated
TKT-000770,2171-UDMFD,Technical Support,Low,Web,Resolved,343,118.31,Service configuration updated
TKT-000771,1475-VWVDO,Technical Support,Medium,Chat,Resolved,307,45.21,Customer provided troubleshooting steps
TKT-000772,1475-VWVDO,Technical Support,Medium,Web,Closed,189,34.64,Account information updated
TKT-000773,9221-OTIVJ,Internet Connectivity,High,Phone,Closed,165,35.83,Billing adjustment applied
TKT-000774,9221-OTIVJ,Technical Support,Urgent,Chat,Resolved,355,7.2,Account information updated
TKT-000775,9221-OTIVJ,Internet Connectivity,High,Chat,Resolved,80,9.27,Payment method updated
TKT-000776,9221-OTIVJ,Internet Connectivity,High,Phone,Closed,154,28.11,Service configuration updated
TKT-000777,9221-OTIVJ,Streaming,High,Chat,Closed,296,5.72,Account information updated
TKT-000778,3325-FUYCG,Account Access,Low,Web,Resolved,291,16.52,Service configuration updated
TKT-000779,5198-EFNBM,Internet Connectivity,Medium,Phone,Closed,339,22.05,Customer provided troubleshooting steps
TKT-000780,2230-XTUWL,Equipment,Low,Phone,Open,312,103.02,Pending
TKT-000781,2609-IAICY,Technical Support,Medium,Phone,Closed,118,65.34,Account information updated
TKT-000782,2609-IAICY,Technical Support,High,Chat,In Progress,54,19.17,Pending
TKT-000783,7717-BICXI,Billing,Low,Web,Resolved,113,44.59,Payment method updated
TKT-000784,6559-RAKOZ,Streaming,Low,Chat,Resolved,113,51.57,Replacement equipment requested
TKT-000785,6559-RAKOZ,Payment Issue,Low,Chat,Resolved,306,102.42,Replacement equipment requested
TKT-000786,6559-RAKOZ,Billing,Low,Phone,Open,220,66.45,Pending
TKT-000787,3200-MNQTF,Service Change,Low,Chat,Open,125,105.55,Pending
TKT-000788,6164-HXUGH,Technical Support,Medium,Chat,Resolved,76,15.83,Replacement equipment requested
TKT-000789,1088-AUUZZ,Equipment,Medium,Phone,Resolved,273,42.74,Account information updated
TKT-000790,1088-AUUZZ,Internet Connectivity,Low,Web,In Progress,135,14.13,Pending
TKT-000791,1174-FGIFN,Streaming,Low,Web,Open,317,115.97,Pending
TKT-000792,4701-MLJPN,Technical Support,Low,Phone,Resolved,123,25.25,Billing adjustment applied
TKT-000793,4701-MLJPN,Billing,Low,Phone,Open,157,59.77,Pending
TKT-000794,4701-MLJPN,Billing,Low,Phone,In Progress,355,110.87,Pending
TKT-000795,7641-TQFHN,Technical Support,Low,Phone,Resolved,145,59.26,Issue resolved remotely
TKT-000796,8622-ZLFKO,Billing,Medium,Phone,Resolved,360,49.8,Payment method updated
TKT-000797,8622-ZLFKO,Technical Support,Medium,Chat,Open,34,11.98,Pending
TKT-000798,6061-GWWAV,Payment Issue,Medium,Chat,Closed,129,35.3,Payment method updated
TKT-000799,9067-SQTNS,Service Change,Low,Email,In Progress,304,17.37,Pending
TKT-000800,1776-SPBWV,Equipment,Medium,Email,Resolved,240,60.81,Escalated to specialist
TKT-000801,8735-SDUFN,Technical Support,Medium,Chat,Resolved,271,54.81,Customer provided troubleshooting steps
TKT-000802,8735-SDUFN,Streaming,Low,Web,Closed,346,24.13,Customer provided troubleshooting steps
TKT-000803,9405-GPBBG,Account Access,Low,Phone,Resolved,231,105.17,Payment method updated
TKT-000804,9405-GPBBG,Service Change,Medium,Email,Resolved,235,24.79,Customer provided troubleshooting steps
TKT-000805,1926-QUZNN,Account Access,Low,Phone,Closed,60,80.28,Issue resolved remotely
TKT-000806,3707-GNWHM,Internet Connectivity,Medium,Web,In Progress,363,30.21,Pending
TKT-000807,3707-GNWHM,Account Access,Medium,Phone,Resolved,29,34.04,Escalated to specialist
TKT-000808,3707-GNWHM,Internet Connectivity,Medium,Email,Resolved,128,17.3,Issue resolved remotely
TKT-000809,3707-GNWHM,Internet Connectivity,High,Web,Closed,54,28.51,Billing adjustment applied
TKT-000810,8245-UMPYT,Internet Connectivity,High,Chat,Resolved,121,25.31,Replacement equipment requested
TKT-000811,8245-UMPYT,Equipment,High,Phone,Resolved,224,22.64,Account information updated
TKT-000812,8245-UMPYT,Internet Connectivity,High,Chat,Closed,47,10.52,Replacement equipment requested
TKT-000813,8245-UMPYT,Streaming,Urgent,Chat,Resolved,284,11.21,Escalated to specialist
TKT-000814,5186-SAMNZ,Technical Support,Medium,Chat,Closed,12,17.1,Issue resolved remotely
TKT-000815,5186-SAMNZ,Equipment,High,Web,Closed,142,30.5,Account information updated
TKT-000816,4927-WWOOZ,Billing,Urgent,Web,Open,25,8.5,Pending
TKT-000817,4927-WWOOZ,Internet Connectivity,Urgent,Chat,In Progress,74,8.66,Pending
TKT-000818,4927-WWOOZ,Payment Issue,High,Chat,In Progress,241,10.1,Pending
TKT-000819,5373-SFODM,Streaming,High,Email,Resolved,3,17.88,Payment method updated
TKT-000820,5373-SFODM,Technical Support,Medium,Chat,Resolved,35,51.64,Issue resolved remotely
TKT-000821,0661-KBKPA,Technical Support,Low,Chat,Resolved,185,29.65,Billing adjustment applied
TKT-000822,5766-ZJYBB,Payment Issue,Low,Phone,Closed,217,90.55,Customer provided troubleshooting steps
TKT-000823,0952-KMEEH,Billing,High,Web,In Progress,358,19.66,Pending
TKT-000824,0952-KMEEH,Payment Issue,Medium,Chat,Closed,337,60.31,Escalated to specialist
TKT-000825,8129-GMVGI,Account Access,Low,Chat,Resolved,116,91.02,Payment method updated
TKT-000826,8129-GMVGI,Billing,Medium,Email,In Progress,277,16.27,Pending
TKT-000827,8129-GMVGI,Payment Issue,Medium,Email,Closed,174,60.91,Billing adjustment applied
TKT-000828,5380-XPJNZ,Technical Support,Low,Web,Open,187,30.85,Pending
TKT-000829,7996-BPXHY,Technical Support,Low,Phone,Resolved,49,86.01,Issue resolved remotely
TKT-000830,7996-BPXHY,Billing,Low,Phone,Closed,117,97.98,Account information updated
TKT-000831,7996-BPXHY,Billing,Low,Chat,Open,235,114.0,Pending
TKT-000832,2266-FUBDZ,Service Change,Low,Web,In Progress,192,119.88,Pending
TKT-000833,1074-AMIOH,Billing,Low,Email,Resolved,95,107.1,Escalated to specialist
TKT-000834,7748-UMTRK,Technical Support,High,Chat,Resolved,323,14.35,Customer provided troubleshooting steps
TKT-000835,7748-UMTRK,Equipment,Medium,Phone,Closed,83,24.31,Issue resolved remotely
TKT-000836,4526-ZJJTM,Technical Support,Low,Email,Resolved,193,30.2,Billing adjustment applied
TKT-000837,0962-CQPWQ,Payment Issue,Low,Web,Open,32,47.33,Pending
TKT-000838,0164-APGRB,Streaming,Low,Phone,In Progress,226,59.92,Pending
TKT-000839,6481-ESCNL,Technical Support,Medium,Email,In Progress,339,20.68,Pending
TKT-000840,4323-SADQS,Payment Issue,Low,Web,Closed,305,102.68,Billing adjustment applied
TKT-000841,4323-SADQS,Payment Issue,Low,Web,Resolved,271,115.88,Issue resolved remotely
TKT-000842,4323-SADQS,Technical Support,Medium,Web,Resolved,211,70.18,Billing adjustment applied
TKT-000843,4213-HKBJO,Service Change,Low,Phone,In Progress,121,31.02,Pending
TKT-000844,6861-XWTWQ,Equipment,High,Chat,Resolved,107,33.74,Customer provided troubleshooting steps
TKT-000845,6861-XWTWQ,Technical Support,High,Email,In Progress,276,25.19,Pending
TKT-000846,6861-XWTWQ,Billing,High,Phone,Closed,296,20.04,Issue resolved remotely
TKT-000847,6861-XWTWQ,Equipment,High,Email,In Progress,218,31.22,Pending
TKT-000848,5893-PYOLZ,Service Change,Low,Chat,Resolved,269,114.66,Replacement equipment requested
TKT-000849,5893-PYOLZ,Account Access,Low,Chat,Resolved,150,97.44,Payment method updated
TKT-000850,3027-YNWZU,Billing,Low,Email,Resolved,13,74.04,Payment method updated
TKT-000851,5609-IMCGG,Technical Support,Low,Email,Closed,194,72.11,Service configuration updated
TKT-000852,4873-ILOLJ,Account Access,Medium,Phone,Closed,165,26.36,Replacement equipment requested
TKT-000853,4873-ILOLJ,Service Change,High,Web,In Progress,31,23.38,Pending
TKT-000854,5140-FOMCQ,Technical Support,Low,Chat,Resolved,338,77.63,Issue resolved remotely
TKT-000855,6242-SGYTS,Payment Issue,Low,Web,Resolved,264,57.44,Customer provided troubleshooting steps
TKT-000856,6242-SGYTS,Billing,Low,Phone,Resolved,40,17.2,Replacement equipment requested
TKT-000857,8166-ORCHU,Technical Support,Medium,Web,Closed,98,22.56,Service configuration updated
TKT-000858,2150-OEGBV,Billing,Low,Email,In Progress,48,75.8,Pending
TKT-000859,1855-CFULU,Internet Connectivity,Low,Chat,Closed,58,92.65,Customer provided troubleshooting steps
TKT-000860,9674-EHPPG,Billing,Low,Phone,In Progress,362,39.77,Pending
TKT-000861,5440-VHLUL,Service Change,Medium,Email,Resolved,250,43.14,Billing adjustment applied
TKT-000862,5440-VHLUL,Technical Support,Medium,Web,In Progress,105,31.68,Pending
TKT-000863,4283-FUTGF,Internet Connectivity,Medium,Web,Resolved,303,12.47,Issue resolved remotely
TKT-000864,4283-FUTGF,Internet Connectivity,High,Web,Closed,32,21.1,Issue resolved remotely
TKT-000865,4283-FUTGF,Equipment,High,Phone,In Progress,213,31.33,Pending
TKT-000866,5213-TWWJU,Equipment,Low,Chat,Open,243,56.77,Pending
TKT-000867,7629-WIXZF,Equipment,Low,Chat,Resolved,324,118.16,Service configuration updated
TKT-000868,7629-WIXZF,Service Change,Low,Chat,In Progress,82,22.62,Pending
TKT-000869,7629-WIXZF,Billing,Medium,Phone,Open,245,59.23,Pending
TKT-000870,0254-KCJGT,Service Change,Low,Phone,Closed,56,107.73,Billing adjustment applied
TKT-000871,0254-KCJGT,Service Change,Medium,Email,In Progress,331,50.75,Pending
TKT-000872,9508-ILZDG,Technical Support,Medium,Chat,Resolved,112,51.52,Escalated to specialist
TKT-000873,9508-ILZDG,Billing,Low,Email,Closed,19,15.97,Escalated to specialist
TKT-000874,9508-ILZDG,Technical Support,Medium,Phone,Closed,119,17.14,Service configuration updated
TKT-000875,1697-LYYYX,Internet Connectivity,Low,Email,Open,126,112.64,Pending
TKT-000876,1942-OQFRW,Technical Support,Low,Web,Resolved,304,98.54,Replacement equipment requested
TKT-000877,9640-ZSLDC,Internet Connectivity,Low,Phone,In Progress,252,71.29,Pending
TKT-000878,9640-ZSLDC,Service Change,Low,Email,Closed,67,105.53,Payment method updated
TKT-000879,6128-AQBMT,Payment Issue,Medium,Chat,Closed,364,60.48,Payment method updated
TKT-000880,0431-APWVY,Billing,Low,Chat,Closed,241,109.98,Service configuration updated
TKT-000881,0431-APWVY,Service Change,Low,Chat,Resolved,250,72.95,Account information updated
TKT-000882,1143-NMNQJ,Payment Issue,Urgent,Phone,Closed,123,6.65,Account information updated
TKT-000883,1143-NMNQJ,Billing,Urgent,Web,Closed,220,4.3,Account information updated
TKT-000884,1143-NMNQJ,Internet Connectivity,High,Chat,Resolved,111,27.07,Account information updated
TKT-000885,1110-KYLGQ,Technical Support,Low,Phone,Closed,126,97.52,Service configuration updated
TKT-000886,3948-KXDUF,Internet Connectivity,Low,Web,Resolved,85,106.39,Issue resolved remotely
TKT-000887,3948-KXDUF,Technical Support,Low,Web,In Progress,342,41.24,Pending
TKT-000888,2323-ARSVR,Technical Support,Medium,Phone,Closed,258,58.26,Issue resolved remotely
TKT-000889,2495-INZWQ,Equipment,Medium,Phone,In Progress,227,45.21,Pending
TKT-000890,2495-INZWQ,Technical Support,High,Chat,In Progress,208,24.67,Pending
TKT-000891,2495-INZWQ,Payment Issue,High,Chat,Resolved,171,8.11,Replacement equipment requested
TKT-000892,2495-INZWQ,Internet Connectivity,High,Phone,In Progress,173,9.3,Pending
TKT-000893,6857-VWJDT,Account Access,Medium,Phone,Closed,75,22.3,Billing adjustment applied
TKT-000894,6857-VWJDT,Payment Issue,High,Phone,Resolved,142,9.06,Billing adjustment applied
TKT-000895,5468-BPMMO,Billing,Medium,Web,Resolved,195,9.76,Account information updated
TKT-000896,5468-BPMMO,Payment Issue,Low,Web,Closed,350,101.99,Issue resolved remotely
TKT-000897,1194-SPVSP,Billing,Medium,Email,Resolved,204,47.91,Replacement equipment requested
TKT-000898,9534-NSXEM,Billing,Medium,Web,Open,201,24.91,Pending
TKT-000899,2250-IVBWA,Payment Issue,Medium,Phone,Closed,195,8.6,Payment method updated
TKT-000900,6366-XIVKZ,Internet Connectivity,Medium,Chat,In Progress,266,64.16,Pending
TKT-000901,6366-XIVKZ,Billing,Medium,Phone,In Progress,218,25.12,Pending
TKT-000902,3470-OBUET,Internet Connectivity,Low,Chat,Resolved,84,76.19,Replacement equipment requested
TKT-000903,2770-NSVDG,Payment Issue,Low,Phone,In Progress,196,51.78,Pending
TKT-000904,7503-QQRVF,Internet Connectivity,Medium,Phone,Resolved,193,49.03,Payment method updated
TKT-000905,7503-QQRVF,Technical Support,Low,Phone,Resolved,314,28.8,Issue resolved remotely
TKT-000906,4760-THGOT,Internet Connectivity,Medium,Chat,In Progress,51,47.74,Pending
TKT-000907,4016-BJKTZ,Technical Support,Low,Email,Resolved,66,35.87,Escalated to specialist
TKT-000908,4016-BJKTZ,Payment Issue,Low,Chat,In Progress,330,70.24,Pending
TKT-000909,0581-MDMPW,Internet Connectivity,High,Phone,Resolved,147,34.4,Payment method updated
TKT-000910,0581-MDMPW,Technical Support,Medium,Email,Closed,170,44.61,Escalated to specialist
TKT-000911,0581-MDMPW,Technical Support,High,Email,Closed,131,18.58,Account information updated
TKT-000912,1023-BQXZE,Account Access,Low,Web,Open,225,104.25,Pending
TKT-000913,9163-GHAYE,Equipment,Medium,Phone,Closed,63,15.71,Replacement equipment requested
TKT-000914,9163-GHAYE,Billing,Low,Chat,Closed,257,117.73,Escalated to specialist
TKT-000915,0058-EVZWM,Internet Connectivity,Medium,Email,Closed,288,15.47,Customer provided troubleshooting steps
TKT-000916,0058-EVZWM,Streaming,Low,Web,Resolved,95,14.23,Issue resolved remotely
TKT-000917,6023-YEBUP,Equipment,Urgent,Phone,In Progress,300,5.99,Pending
TKT-000918,6023-YEBUP,Billing,Urgent,Web,Closed,170,5.32,Payment method updated
TKT-000919,6023-YEBUP,Billing,High,Web,Resolved,55,31.17,Service configuration updated
TKT-000920,6023-YEBUP,Internet Connectivity,High,Phone,Open,241,29.86,Pending
TKT-000921,6023-YEBUP,Equipment,Urgent,Phone,Resolved,337,4.66,Payment method updated
TKT-000922,7209-JCUDS,Technical Support,Medium,Phone,In Progress,122,11.22,Pending
TKT-000923,7209-JCUDS,Billing,Medium,Web,Closed,257,30.89,Replacement equipment requested
TKT-000924,7209-JCUDS,Billing,High,Phone,In Progress,43,6.67,Pending
TKT-000925,9372-TXXPS,Payment Issue,Low,Phone,In Progress,13,19.17,Pending
TKT-000926,8433-WPJTV,Account Access,Low,Web,Closed,157,70.05,Issue resolved remotely
TKT-000927,0536-ACXIP,Billing,Low,Chat,In Progress,99,58.4,Pending
TKT-000928,1575-KRZZE,Streaming,Low,Chat,Resolved,225,53.33,Issue resolved remotely
TKT-000929,1575-KRZZE,Internet Connectivity,Medium,Chat,Resolved,173,16.44,Payment method updated
TKT-000930,1575-KRZZE,Equipment,Low,Web,Open,49,48.9,Pending
TKT-000931,3251-YMVWZ,Internet Connectivity,Low,Web,Open,14,43.05,Pending
TKT-000932,6838-HVLXG,Service Change,Low,Phone,Resolved,100,32.58,Escalated to specialist
TKT-000933,2277-DJJDL,Technical Support,Low,Phone,In Progress,170,78.1,Pending
TKT-000934,2452-KDRRH,Payment Issue,Low,Chat,Closed,280,89.86,Account information updated
TKT-000935,2452-KDRRH,Technical Support,Low,Phone,Resolved,200,16.66,Payment method updated
TKT-000936,5226-NOZFC,Streaming,High,Phone,Resolved,72,32.53,Service configuration updated
TKT-000937,5226-NOZFC,Service Change,High,Phone,Resolved,4,35.39,Replacement equipment requested
TKT-000938,8347-GDTMP,Technical Support,Low,Email,Resolved,192,50.79,Replacement equipment requested
TKT-000939,0310-MVLET,Technical Support,Low,Chat,Resolved,225,33.43,Replacement equipment requested
TKT-000940,2187-PKZAY,Service Change,Medium,Chat,Resolved,18,16.71,Account information updated
TKT-000941,2187-PKZAY,Internet Connectivity,High,Web,Open,173,8.76,Pending
TKT-000942,2187-PKZAY,Technical Support,High,Web,Resolved,113,9.95,Service configuration updated
TKT-000943,7409-KIUTL,Service Change,Medium,Phone,In Progress,54,10.07,Pending
TKT-000944,7409-KIUTL,Payment Issue,Medium,Phone,Resolved,101,42.14,Customer provided troubleshooting steps
TKT-000945,2668-TZSPS,Internet Connectivity,Low,Phone,Resolved,101,27.76,Service configuration updated
TKT-000946,2668-TZSPS,Technical Support,Low,Phone,Resolved,83,58.84,Payment method updated
TKT-000947,8869-TORSS,Technical Support,Medium,Web,In Progress,36,34.93,Pending
TKT-000948,8869-TORSS,Service Change,Medium,Chat,Resolved,9,10.38,Customer provided troubleshooting steps
TKT-000949,8869-TORSS,Payment Issue,Low,Email,Open,230,78.56,Pending
TKT-000950,6164-HAQTX,Equipment,Low,Web,Resolved,108,111.34,Escalated to specialist
TKT-000951,0679-IDSTG,Billing,High,Email,In Progress,164,5.74,Pending
TKT-000952,0679-IDSTG,Service Change,High,Phone,Closed,58,5.19,Account information updated
TKT-000953,0679-IDSTG,Billing,High,Web,In Progress,299,5.13,Pending
TKT-000954,1658-TJVOA,Internet Connectivity,High,Phone,Closed,143,12.59,Account information updated
TKT-000955,1658-TJVOA,Technical Support,Medium,Web,Closed,285,69.99,Service configuration updated
TKT-000956,1658-TJVOA,Internet Connectivity,High,Email,Closed,312,35.71,Escalated to specialist
TKT-000957,9747-DDZOS,Payment Issue,High,Phone,Resolved,159,10.54,Escalated to specialist
TKT-000958,9747-DDZOS,Technical Support,High,Chat,In Progress,307,26.18,Pending
TKT-000959,6203-HBZPA,Internet Connectivity,Low,Chat,In Progress,16,28.49,Pending
TKT-000960,6203-HBZPA,Service Change,Low,Chat,Resolved,321,76.84,Payment method updated
TKT-000961,0484-FFVBJ,Technical Support,Medium,Web,Open,137,62.18,Pending
TKT-000962,0301-FIDRB,Technical Support,Low,Email,Resolved,98,62.7,Service configuration updated
TKT-000963,1936-CZAKF,Technical Support,Low,Phone,Resolved,213,106.29,Replacement equipment requested
TKT-000964,1936-CZAKF,Streaming,Medium,Phone,Resolved,320,69.1,Replacement equipment requested
TKT-000965,4402-FTBXC,Technical Support,Low,Email,Closed,38,58.78,Account information updated
TKT-000966,4402-FTBXC,Internet Connectivity,Low,Email,Resolved,38,62.98,Service configuration updated
TKT-000967,0106-UGRDO,Service Change,Low,Email,In Progress,329,58.72,Pending
TKT-000968,5542-TBBWB,Technical Support,High,Phone,Closed,114,26.52,Escalated to specialist
TKT-000969,5542-TBBWB,Internet Connectivity,Medium,Email,In Progress,92,37.62,Pending
TKT-000970,8059-UDZFY,Equipment,High,Phone,Closed,69,12.82,Escalated to specialist
TKT-000971,8059-UDZFY,Billing,High,Phone,In Progress,201,14.2,Pending
TKT-000972,8059-UDZFY,Internet Connectivity,High,Chat,Closed,169,21.82,Customer provided troubleshooting steps
TKT-000973,3489-VSFRD,Internet Connectivity,Low,Web,Open,56,90.22,Pending
TKT-000974,3489-VSFRD,Streaming,Low,Phone,Resolved,154,93.92,Issue resolved remotely
TKT-000975,7410-YTJIK,Streaming,High,Web,In Progress,116,32.1,Pending
TKT-000976,7410-YTJIK,Service Change,Medium,Chat,Resolved,151,13.13,Account information updated
TKT-000977,6898-MDLZW,Billing,Low,Phone,Resolved,338,59.7,Payment method updated
TKT-000978,3237-AJGEH,Equipment,Medium,Web,Resolved,317,62.68,Billing adjustment applied
TKT-000979,9357-UJRUN,Technical Support,Medium,Chat,Closed,311,17.8,Customer provided troubleshooting steps
TKT-000980,7663-CUXZB,Technical Support,Low,Phone,Closed,20,65.01,Billing adjustment applied
TKT-000981,7663-CUXZB,Internet Connectivity,Low,Web,Closed,36,67.13,Replacement equipment requested
TKT-000982,0258-NOKBL,Internet Connectivity,High,Phone,Closed,16,31.37,Service configuration updated
TKT-000983,0258-NOKBL,Internet Connectivity,High,Email,Closed,291,23.43,Payment method updated
TKT-000984,0258-NOKBL,Streaming,High,Phone,Open,330,17.56,Pending
TKT-000985,4830-FAXFM,Internet Connectivity,Medium,Email,Resolved,289,70.34,Replacement equipment requested
TKT-000986,2960-NKRSO,Internet Connectivity,Medium,Email,Open,133,50.55,Pending
TKT-000987,2960-NKRSO,Payment Issue,Low,Phone,Closed,239,62.98,Payment method updated
TKT-000988,0397-ZXWQF,Account Access,Medium,Web,Resolved,195,57.47,Escalated to specialist
TKT-000989,5266-PFRQK,Streaming,Low,Web,Resolved,277,28.03,Account information updated
TKT-000990,4674-HGNUA,Payment Issue,Low,Chat,Resolved,330,34.75,Replacement equipment requested
TKT-000991,2309-OSFEU,Streaming,Medium,Phone,Open,37,71.97,Pending
TKT-000992,2309-OSFEU,Internet Connectivity,Medium,Phone,Resolved,107,71.51,Billing adjustment applied
TKT-000993,2239-CFOUJ,Billing,Low,Phone,In Progress,345,66.61,Pending
TKT-000994,2239-CFOUJ,Payment Issue,Medium,Email,In Progress,261,24.57,Pending
TKT-000995,1038-RQOST,Billing,Low,Phone,Closed,108,37.95,Account information updated
TKT-000996,1038-RQOST,Equipment,Low,Web,In Progress,159,27.62,Pending
TKT-000997,9685-WKZGT,Internet Connectivity,High,Phone,Resolved,193,18.02,Escalated to specialist
TKT-000998,9685-WKZGT,Service Change,High,Chat,Resolved,274,26.38,Escalated to specialist
TKT-000999,9685-WKZGT,Technical Support,High,Web,Resolved,84,18.19,Service configuration updated
TKT-001000,6022-UGGSO,Streaming,Medium,Chat,Closed,223,19.4,Replacement equipment requested
TKT-001001,6022-UGGSO,Technical Support,Low,Email,Open,310,67.48,Pending
TKT-001002,8735-NBLWT,Service Change,Low,Email,Closed,281,38.4,Billing adjustment applied
TKT-001003,3923-CSIHK,Billing,Low,Phone,Open,364,29.27,Pending
TKT-001004,4702-HDRKD,Billing,Medium,Phone,In Progress,111,53.77,Pending
TKT-001005,4702-HDRKD,Internet Connectivity,Low,Email,Open,264,56.49,Pending
TKT-001006,3677-IYRBF,Internet Connectivity,Medium,Phone,Closed,91,35.39,Issue resolved remotely
TKT-001007,3677-IYRBF,Billing,High,Web,Resolved,135,26.4,Customer provided troubleshooting steps
TKT-001008,3677-IYRBF,Service Change,Medium,Web,Closed,82,24.83,Account information updated
TKT-001009,5692-FPTAH,Service Change,Medium,Phone,Resolved,258,21.19,Account information updated
TKT-001010,1550-LOAHA,Account Access,Low,Phone,Open,342,45.63,Pending
TKT-001011,0876-WDUUZ,Streaming,High,Web,Resolved,335,23.19,Payment method updated
TKT-001012,0876-WDUUZ,Streaming,High,Phone,Resolved,261,8.35,Escalated to specialist
TKT-001013,0876-WDUUZ,Equipment,Medium,Chat,Closed,347,20.31,Payment method updated
TKT-001014,0263-FJTQO,Technical Support,Low,Web,Resolved,234,26.82,Replacement equipment requested
TKT-001015,0263-FJTQO,Technical Support,Medium,Web,Open,214,64.81,Pending
TKT-001016,7855-DIWPO,Payment Issue,Medium,Email,Resolved,293,43.71,Escalated to specialist
TKT-001017,7855-DIWPO,Technical Support,High,Email,Open,322,18.6,Pending
TKT-001018,5133-POWUA,Internet Connectivity,Low,Web,Closed,333,79.28,Customer provided troubleshooting steps
TKT-001019,7005-CCBKV,Billing,High,Phone,Resolved,159,23.39,Service configuration updated
TKT-001020,7005-CCBKV,Internet Connectivity,Medium,Phone,Closed,29,48.11,Replacement equipment requested
TKT-001021,7005-CCBKV,Equipment,High,Chat,Closed,132,16.59,Payment method updated
TKT-001022,7005-CCBKV,Technical Support,Medium,Web,In Progress,11,10.21,Pending
TKT-001023,1784-BXEFA,Payment Issue,Low,Web,Closed,277,97.98,Account information updated
TKT-001024,6376-GAHQE,Streaming,Medium,Chat,Resolved,144,46.31,Billing adjustment applied
TKT-001025,6376-GAHQE,Internet Connectivity,Medium,Phone,Open,131,47.1,Pending
TKT-001026,5052-PNLOS,Technical Support,High,Phone,Open,11,33.12,Pending
TKT-001027,5052-PNLOS,Technical Support,Medium,Email,Closed,104,23.57,Payment method updated
TKT-001028,6979-ZNSFF,Account Access,High,Phone,Resolved,294,30.63,Replacement equipment requested
TKT-001029,6979-ZNSFF,Technical Support,High,Phone,Resolved,33,18.87,Service configuration updated
TKT-001030,5751-USDBL,Technical Support,Low,Web,Resolved,74,90.07,Billing adjustment applied
TKT-001031,5751-USDBL,Technical Support,Low,Phone,Resolved,211,66.54,Replacement equipment requested
TKT-001032,5751-USDBL,Technical Support,Low,Chat,Closed,128,47.32,Billing adjustment applied
TKT-001033,2386-LAHRK,Account Access,High,Chat,Resolved,356,21.78,Customer provided troubleshooting steps
TKT-001034,2386-LAHRK,Internet Connectivity,Medium,Web,Resolved,308,64.64,Payment method updated
TKT-001035,2386-LAHRK,Payment Issue,High,Web,Closed,311,9.37,Account information updated
TKT-001036,5505-OVWQW,Internet Connectivity,Low,Phone,Resolved,281,32.53,Replacement equipment requested
TKT-001037,4521-WFJAI,Streaming,Low,Web,Closed,169,74.03,Issue resolved remotely
TKT-001038,8809-XKHMD,Billing,Medium,Chat,Resolved,274,47.58,Payment method updated
TKT-001039,9844-FELAJ,Streaming,Low,Phone,In Progress,86,118.21,Pending
TKT-001040,4892-VLANZ,Service Change,Medium,Phone,Closed,94,13.11,Service configuration updated
TKT-001041,4892-VLANZ,Internet Connectivity,Low,Email,In Progress,127,52.06,Pending
TKT-001042,2919-HBCJO,Technical Support,Medium,Phone,Resolved,66,21.76,Billing adjustment applied
TKT-001043,2919-HBCJO,Billing,Medium,Phone,Closed,32,41.82,Billing adjustment applied
TKT-001044,2919-HBCJO,Internet Connectivity,High,Chat,Open,245,25.79,Pending
TKT-001045,9909-DFRJA,Technical Support,Low,Web,In Progress,343,47.45,Pending
TKT-001046,0581-BXBUB,Billing,Medium,Web,Resolved,35,67.99,Account information updated
TKT-001047,0581-BXBUB,Streaming,Medium,Chat,In Progress,161,47.83,Pending
TKT-001048,0581-BXBUB,Internet Connectivity,Medium,Phone,In Progress,38,67.28,Pending
TKT-001049,4962-CHQPW,Account Access,Medium,Web,Resolved,261,28.3,Replacement equipment requested
TKT-001050,7410-KTVFV,Payment Issue,Medium,Email,Closed,241,55.81,Billing adjustment applied
TKT-001051,6429-SHBCB,Service Change,Medium,Email,Closed,336,49.82,Billing adjustment applied
TKT-001052,9097-ZUBYC,Account Access,Medium,Web,Closed,169,29.37,Service configuration updated
TKT-001053,8393-DLHGA,Internet Connectivity,High,Email,Resolved,256,27.14,Customer provided troubleshooting steps
TKT-001054,8393-DLHGA,Account Access,High,Chat,Resolved,8,22.03,Escalated to specialist
TKT-001055,6968-MHOMU,Internet Connectivity,Low,Web,Resolved,106,53.32,Service configuration updated
TKT-001056,6568-POCUI,Payment Issue,Low,Email,Closed,358,116.44,Service configuration updated
TKT-001057,6568-POCUI,Billing,Low,Web,Closed,97,71.4,Billing adjustment applied
TKT-001058,9907-SWKKF,Equipment,Medium,Web,In Progress,160,14.14,Pending
TKT-001059,9907-SWKKF,Technical Support,High,Web,In Progress,295,28.76,Pending
TKT-001060,3523-QRQLL,Internet Connectivity,Medium,Phone,Resolved,257,20.59,Account information updated
TKT-001061,4717-GHADL,Service Change,Medium,Phone,Closed,142,28.28,Account information updated
TKT-001062,4717-GHADL,Service Change,Low,Phone,Open,208,25.82,Pending
TKT-001063,5501-TVMGM,Equipment,High,Chat,Closed,316,16.52,Replacement equipment requested
TKT-001064,5501-TVMGM,Equipment,High,Email,Closed,188,20.91,Service configuration updated
TKT-001065,3694-GLTJM,Technical Support,Medium,Phone,Open,209,12.71,Pending
TKT-001066,3694-GLTJM,Streaming,Low,Phone,Closed,300,53.21,Escalated to specialist
TKT-001067,4359-INNWN,Billing,Low,Email,Closed,294,64.13,Billing adjustment applied
TKT-001068,7250-EQKIY,Technical Support,Medium,Chat,In Progress,359,8.06,Pending
TKT-001069,3594-IVHJZ,Internet Connectivity,Low,Chat,In Progress,66,91.76,Pending
TKT-001070,7669-LCRSD,Streaming,Medium,Phone,In Progress,167,69.57,Pending
TKT-001071,7669-LCRSD,Streaming,Low,Web,Resolved,177,117.8,Billing adjustment applied
TKT-001072,3567-PQTSO,Technical Support,Low,Web,In Progress,116,27.16,Pending
TKT-001073,8173-RXAYP,Technical Support,Low,Phone,Open,53,52.69,Pending
TKT-001074,5402-HTOTQ,Service Change,Medium,Chat,Resolved,34,21.89,Replacement equipment requested
TKT-001075,5402-HTOTQ,Internet Connectivity,Medium,Web,Closed,297,71.58,Customer provided troubleshooting steps
TKT-001076,8849-GYOKR,Streaming,Medium,Chat,Closed,321,48.49,Customer provided troubleshooting steps
TKT-001077,3717-FDJFU,Payment Issue,Low,Phone,In Progress,141,73.97,Pending
TKT-001078,3717-FDJFU,Equipment,Medium,Phone,Resolved,225,29.47,Payment method updated
TKT-001079,9710-ZUSHQ,Billing,Low,Web,In Progress,310,41.22,Pending
TKT-001080,1085-LDWAM,Service Change,Low,Phone,Resolved,340,75.11,Escalated to specialist
TKT-001081,5828-AVIPD,Technical Support,Medium,Web,Closed,162,22.71,Replacement equipment requested
TKT-001082,5828-AVIPD,Service Change,Low,Email,Open,210,43.41,Pending
TKT-001083,9143-CANJF,Internet Connectivity,Low,Phone,Closed,355,83.88,Payment method updated
TKT-001084,9143-CANJF,Billing,Low,Chat,Resolved,207,37.13,Customer provided troubleshooting steps
TKT-001085,9143-CANJF,Service Change,Low,Chat,Resolved,91,22.25,Account information updated
TKT-001086,2041-JIJCI,Payment Issue,Medium,Chat,Closed,112,43.74,Service configuration updated
TKT-001087,2041-JIJCI,Payment Issue,High,Chat,Resolved,52,31.39,Replacement equipment requested
TKT-001088,2041-JIJCI,Streaming,Medium,Web,In Progress,129,44.53,Pending
TKT-001089,5144-TVGLP,Streaming,Medium,Phone,Closed,179,9.4,Service configuration updated
TKT-001090,5144-TVGLP,Technical Support,High,Chat,Closed,305,4.18,Billing adjustment applied
TKT-001091,5144-TVGLP,Billing,High,Phone,Closed,163,17.97,Billing adjustment applied
TKT-001092,9643-AVVWI,Internet Connectivity,Medium,Phone,Resolved,234,18.43,Billing adjustment applied
TKT-001093,9643-AVVWI,Service Change,High,Web,In Progress,24,29.47,Pending
TKT-001094,9643-AVVWI,Streaming,Medium,Chat,Closed,286,31.96,Replacement equipment requested
TKT-001095,9122-UMROB,Billing,Medium,Web,Resolved,223,10.59,Service configuration updated
TKT-001096,6685-GBWJZ,Account Access,Low,Chat,Closed,357,100.05,Service configuration updated
TKT-001097,2195-VVRJF,Service Change,Medium,Phone,In Progress,92,20.68,Pending
TKT-001098,2545-EBUPK,Billing,Urgent,Phone,Open,87,3.11,Pending
TKT-001099,2545-EBUPK,Streaming,High,Phone,In Progress,235,23.39,Pending
TKT-001100,2545-EBUPK,Payment Issue,High,Web,Resolved,137,22.21,Account information updated
TKT-001101,7663-RGWBC,Service Change,Medium,Email,Resolved,52,20.61,Escalated to specialist
TKT-001102,3891-PUQOD,Account Access,Medium,Email,Resolved,130,42.41,Service configuration updated
TKT-001103,3891-PUQOD,Billing,Low,Chat,Closed,129,107.47,Issue resolved remotely
TKT-001104,3623-FQBOX,Technical Support,Low,Phone,Resolved,353,79.92,Billing adjustment applied
TKT-001105,3623-FQBOX,Equipment,Low,Email,Closed,126,37.86,Issue resolved remotely
TKT-001106,3658-KIBGF,Payment Issue,Low,Chat,Resolved,174,89.62,Replacement equipment requested
TKT-001107,3658-KIBGF,Billing,Low,Email,In Progress,65,98.12,Pending
TKT-001108,3865-ZFZIB,Account Access,Low,Phone,Resolved,48,27.6,Account information updated
TKT-001109,1370-GGAWX,Streaming,Medium,Email,Open,146,37.2,Pending
TKT-001110,4946-EDSEW,Equipment,Low,Web,Resolved,11,97.0,Issue resolved remotely
TKT-001111,4946-EDSEW,Billing,Low,Phone,Resolved,45,78.74,Payment method updated
TKT-001112,3642-BYHDO,Internet Connectivity,Medium,Web,Closed,243,11.04,Billing adjustment applied
TKT-001113,9629-NHXFW,Technical Support,Medium,Phone,Closed,61,35.44,Escalated to specialist
TKT-001114,2696-RZVZW,Technical Support,Low,Web,Closed,105,54.02,Replacement equipment requested
TKT-001115,5178-LMXOP,Service Change,High,Email,In Progress,47,13.12,Pending
TKT-001116,5178-LMXOP,Equipment,High,Web,Resolved,7,19.26,Billing adjustment applied
TKT-001117,5178-LMXOP,Internet Connectivity,High,Phone,Open,209,22.41,Pending
TKT-001118,5178-LMXOP,Technical Support,High,Phone,Closed,7,24.99,Billing adjustment applied
TKT-001119,5178-LMXOP,Technical Support,Urgent,Chat,Closed,154,2.01,Customer provided troubleshooting steps
TKT-001120,7636-PEPNS,Payment Issue,Medium,Phone,Closed,16,42.32,Account information updated
TKT-001121,9052-DHNKM,Technical Support,Low,Email,Open,156,49.86,Pending
TKT-001122,9052-DHNKM,Internet Connectivity,Low,Phone,Closed,192,97.28,Issue resolved remotely
TKT-001123,3096-WPXBT,Billing,Low,Phone,In Progress,73,35.34,Pending
TKT-001124,4299-OPXEJ,Equipment,Medium,Phone,Resolved,220,57.24,Escalated to specialist
TKT-001125,4299-OPXEJ,Technical Support,Low,Web,Resolved,81,13.48,Service configuration updated
TKT-001126,2108-YKQTY,Technical Support,Medium,Chat,In Progress,108,14.09,Pending
TKT-001127,2108-YKQTY,Account Access,Medium,Phone,Closed,42,37.53,Escalated to specialist
TKT-001128,2108-YKQTY,Billing,Low,Phone,In Progress,255,92.87,Pending
TKT-001129,7056-IMHCC,Streaming,Medium,Email,Resolved,340,49.46,Account information updated
TKT-001130,7056-IMHCC,Payment Issue,Medium,Web,Open,363,30.9,Pending
TKT-001131,1063-DHQJF,Streaming,Medium,Chat,Closed,267,11.1,Customer provided troubleshooting steps
TKT-001132,2746-DIJLO,Account Access,Low,Web,Resolved,196,45.93,Customer provided troubleshooting steps
TKT-001133,2746-DIJLO,Technical Support,Low,Web,Closed,184,99.16,Replacement equipment requested
TKT-001134,3508-VLHCZ,Service Change,Low,Phone,Resolved,216,114.9,Escalated to specialist
TKT-001135,4086-ATNFV,Internet Connectivity,Low,Web,Closed,124,99.91,Customer provided troubleshooting steps
TKT-001136,5949-EBSQK,Technical Support,Low,Web,Resolved,161,57.85,Billing adjustment applied
TKT-001137,5473-KHBPS,Technical Support,Medium,Chat,Resolved,138,58.59,Billing adjustment applied
TKT-001138,5473-KHBPS,Internet Connectivity,Low,Phone,In Progress,69,120.0,Pending
TKT-001139,5473-KHBPS,Payment Issue,Low,Chat,Closed,338,66.25,Billing adjustment applied
TKT-001140,6773-LQTVT,Billing,Low,Phone,Closed,134,69.51,Payment method updated
TKT-001141,6773-LQTVT,Service Change,Medium,Chat,Closed,12,46.6,Service configuration updated
TKT-001142,8400-WZICQ,Billing,Low,Web,Closed,18,84.62,Account information updated
TKT-001143,9576-SYUHJ,Billing,Low,Web,Resolved,341,32.45,Customer provided troubleshooting steps
TKT-001144,0410-IPFTY,Payment Issue,Medium,Phone,Resolved,255,13.58,Issue resolved remotely
TKT-001145,9430-NKQLY,Billing,Low,Web,Closed,123,25.96,Account information updated
TKT-001146,6483-OATDN,Streaming,Low,Email,Resolved,174,44.98,Service configuration updated
TKT-001147,4840-ORQXB,Billing,Low,Email,Open,207,44.22,Pending
TKT-001148,3756-VNWDH,Service Change,Medium,Phone,In Progress,226,65.18,Pending
TKT-001149,2828-SLQPF,Internet Connectivity,Low,Phone,Resolved,358,15.96,Escalated to specialist
TKT-001150,2828-SLQPF,Account Access,Medium,Chat,Closed,48,12.84,Escalated to specialist
TKT-001151,2828-SLQPF,Internet Connectivity,Low,Email,Closed,239,13.96,Issue resolved remotely
TKT-001152,1335-NTIUC,Internet Connectivity,High,Chat,In Progress,150,16.08,Pending
TKT-001153,1335-NTIUC,Billing,High,Web,Resolved,14,32.98,Billing adjustment applied
TKT-001154,2368-GAKKQ,Equipment,Low,Phone,Closed,190,55.68,Replacement equipment requested
TKT-001155,2368-GAKKQ,Account Access,Medium,Web,Closed,152,65.43,Service configuration updated
TKT-001156,3199-XGZCY,Payment Issue,Medium,Email,Resolved,156,55.5,Account information updated
TKT-001157,3199-XGZCY,Service Change,Medium,Chat,Resolved,124,51.83,Billing adjustment applied
TKT-001158,3199-XGZCY,Service Change,High,Chat,Resolved,166,8.42,Issue resolved remotely
TKT-001159,3199-XGZCY,Technical Support,Medium,Email,Closed,348,61.65,Issue resolved remotely
TKT-001160,6814-ZPWFQ,Service Change,Medium,Phone,Resolved,259,39.8,Issue resolved remotely
TKT-001161,6993-YCOBK,Account Access,Low,Email,Open,20,88.12,Pending
TKT-001162,6993-YCOBK,Service Change,Low,Web,Open,357,87.63,Pending
TKT-001163,6993-YCOBK,Payment Issue,Low,Phone,Resolved,174,94.27,Customer provided troubleshooting steps
TKT-001164,7587-RZNME,Payment Issue,Medium,Web,Resolved,61,49.86,Escalated to specialist
TKT-001165,7587-RZNME,Equipment,Medium,Chat,Resolved,172,48.48,Billing adjustment applied
TKT-001166,7587-RZNME,Technical Support,High,Email,In Progress,222,18.98,Pending
TKT-001167,4706-AXVKM,Internet Connectivity,High,Email,Closed,140,25.43,Escalated to specialist
TKT-001168,4706-AXVKM,Technical Support,High,Chat,Open,271,25.54,Pending
TKT-001169,5889-JTMUL,Technical Support,Low,Web,Resolved,348,38.71,Customer provided troubleshooting steps
TKT-001170,2165-VOEGB,Internet Connectivity,Medium,Web,Open,350,41.81,Pending
TKT-001171,2254-DLXRI,Account Access,Medium,Phone,Resolved,242,31.87,Payment method updated
TKT-001172,2254-DLXRI,Service Change,Medium,Web,Closed,96,25.52,Customer provided troubleshooting steps
TKT-001173,5062-CJJKH,Technical Support,Medium,Web,Closed,155,63.26,Customer provided troubleshooting steps
TKT-001174,1530-ZTDOZ,Technical Support,Medium,Phone,Resolved,136,46.4,Billing adjustment applied
TKT-001175,8914-RBTSB,Service Change,Medium,Phone,Resolved,26,33.39,Account information updated
TKT-001176,8914-RBTSB,Payment Issue,Medium,Web,Open,199,37.3,Pending
TKT-001177,1568-BEKZM,Streaming,Medium,Web,Resolved,313,26.42,Replacement equipment requested
TKT-001178,1568-BEKZM,Equipment,Medium,Email,In Progress,215,35.17,Pending
TKT-001179,0963-ZBDRN,Billing,Medium,Web,Resolved,306,68.29,Billing adjustment applied
TKT-001180,0963-ZBDRN,Internet Connectivity,Medium,Phone,Resolved,305,32.16,Replacement equipment requested
TKT-001181,0963-ZBDRN,Streaming,High,Phone,Open,288,34.48,Pending
TKT-001182,0963-ZBDRN,Service Change,Medium,Email,In Progress,242,53.23,Pending
TKT-001183,6134-KWTBV,Internet Connectivity,Low,Web,In Progress,313,86.86,Pending
TKT-001184,6134-KWTBV,Equipment,Low,Chat,In Progress,8,31.1,Pending
TKT-001185,1077-HUUJM,Account Access,High,Email,In Progress,17,12.68,Pending
TKT-001186,1077-HUUJM,Internet Connectivity,High,Web,Resolved,40,25.95,Customer provided troubleshooting steps
TKT-001187,4317-VTEOA,Internet Connectivity,Medium,Phone,Open,314,52.89,Pending
TKT-001188,4317-VTEOA,Internet Connectivity,Medium,Web,Resolved,126,70.26,Replacement equipment requested
TKT-001189,2227-JRSJX,Service Change,Medium,Phone,Resolved,208,21.24,Escalated to specialist
TKT-001190,6080-TCMYC,Billing,Medium,Email,In Progress,163,13.77,Pending
TKT-001191,6080-TCMYC,Service Change,Medium,Phone,Resolved,94,55.45,Replacement equipment requested
TKT-001192,9313-CDOGY,Equipment,Low,Web,Open,246,41.88,Pending
TKT-001193,9819-FBNSV,Internet Connectivity,Low,Web,Closed,249,74.77,Account information updated
TKT-001194,9544-PYPSJ,Internet Connectivity,Medium,Phone,In Progress,270,55.44,Pending
TKT-001195,5186-EJEGL,Billing,Low,Chat,Resolved,273,13.87,Payment method updated
TKT-001196,9986-BONCE,Account Access,Low,Phone,Open,364,21.02,Pending
TKT-001197,2203-GHNWN,Billing,High,Email,Closed,194,12.75,Escalated to specialist
TKT-001198,2203-GHNWN,Billing,Medium,Phone,Closed,239,27.07,Billing adjustment applied
TKT-001199,7579-OOPEC,Service Change,Medium,Email,Resolved,155,17.58,Issue resolved remotely
TKT-001200,8219-VYBVI,Service Change,Low,Email,Open,314,50.77,Pending
TKT-001201,1016-DJTSV,Streaming,High,Phone,Closed,138,30.52,Service configuration updated
TKT-001202,1016-DJTSV,Technical Support,Medium,Phone,Closed,254,63.9,Payment method updated
TKT-001203,0174-QRVVY,Streaming,Medium,Email,Open,114,49.7,Pending
TKT-001204,0174-QRVVY,Technical Support,Medium,Chat,Resolved,29,19.84,Customer provided troubleshooting steps
TKT-001205,0174-QRVVY,Technical Support,Low,Phone,Closed,27,19.56,Service configuration updated
TKT-001206,4039-PIMHX,Account Access,Low,Phone,In Progress,16,79.27,Pending
TKT-001207,3604-WLABM,Internet Connectivity,Medium,Web,Resolved,50,67.69,Billing adjustment applied
TKT-001208,6257-RJOHI,Internet Connectivity,Medium,Chat,Resolved,104,11.75,Escalated to specialist
TKT-001209,1545-JFUML,Service Change,Low,Phone,In Progress,117,27.33,Pending
TKT-001210,1545-JFUML,Internet Connectivity,Low,Phone,Closed,53,67.11,Account information updated
TKT-001211,2587-EKXTS,Billing,Low,Phone,Resolved,179,13.52,Service configuration updated
TKT-001212,2587-EKXTS,Payment Issue,Medium,Email,Closed,152,36.42,Escalated to specialist
TKT-001213,5442-BXVND,Equipment,Medium,Chat,Closed,276,68.48,Customer provided troubleshooting steps
TKT-001214,9378-FXTIZ,Service Change,Medium,Email,Resolved,98,63.29,Issue resolved remotely
TKT-001215,9378-FXTIZ,Billing,Low,Web,In Progress,73,114.82,Pending
TKT-001216,9378-FXTIZ,Technical Support,Medium,Phone,In Progress,292,52.95,Pending
TKT-001217,6473-ULUHT,Payment Issue,Medium,Email,Resolved,203,51.32,Replacement equipment requested
TKT-001218,1240-KNSEZ,Billing,Low,Chat,Closed,109,79.56,Billing adjustment applied
TKT-001219,3716-BDVDB,Internet Connectivity,High,Phone,Resolved,286,16.38,Payment method updated
TKT-001220,3716-BDVDB,Service Change,High,Web,Resolved,252,22.07,Billing adjustment applied
TKT-001221,7032-LMBHI,Billing,Medium,Web,Resolved,343,61.58,Issue resolved remotely
TKT-001222,1150-WFARN,Technical Support,Medium,Email,Resolved,283,53.77,Customer provided troubleshooting steps
TKT-001223,3812-LRZIR,Account Access,Low,Chat,Resolved,347,87.93,Escalated to specialist
TKT-001224,3812-LRZIR,Streaming,Low,Phone,Resolved,325,107.25,Replacement equipment requested
TKT-001225,3812-LRZIR,Service Change,Low,Chat,Resolved,161,28.91,Escalated to specialist
TKT-001226,4818-QIUFN,Technical Support,Medium,Web,Closed,73,22.53,Service configuration updated
TKT-001227,4818-QIUFN,Technical Support,High,Phone,Resolved,294,35.31,Customer provided troubleshooting steps
TKT-001228,9483-GCPWE,Internet Connectivity,Low,Web,Open,282,100.42,Pending
TKT-001229,9483-GCPWE,Streaming,Low,Phone,Resolved,53,19.03,Billing adjustment applied
TKT-001230,9483-GCPWE,Internet Connectivity,Medium,Email,Open,162,41.86,Pending
TKT-001231,4227-OJHAL,Streaming,Low,Chat,In Progress,14,87.51,Pending
TKT-001232,4993-JCRGJ,Internet Connectivity,Medium,Chat,Resolved,203,24.65,Billing adjustment applied
TKT-001233,9537-JALFH,Service Change,Low,Web,Closed,291,54.89,Billing adjustment applied
TKT-001234,9537-JALFH,Service Change,Low,Chat,Resolved,323,113.98,Customer provided troubleshooting steps
TKT-001235,9537-JALFH,Technical Support,Low,Chat,Closed,355,82.17,Payment method updated
TKT-001236,6698-OXETB,Payment Issue,Medium,Web,In Progress,111,10.83,Pending
TKT-001237,6698-OXETB,Payment Issue,Low,Phone,In Progress,126,48.51,Pending
TKT-001238,6698-OXETB,Account Access,Low,Phone,In Progress,51,22.01,Pending
TKT-001239,4877-TSOFF,Technical Support,Low,Chat,Closed,116,106.11,Escalated to specialist
TKT-001240,9209-NWPGU,Internet Connectivity,Low,Web,Resolved,72,36.01,Customer provided troubleshooting steps
TKT-001241,6823-SIDFQ,Service Change,Low,Phone,Closed,59,116.19,Payment method updated
TKT-001242,1097-FSPVW,Account Access,Low,Email,Open,250,73.74,Pending
TKT-001243,1097-FSPVW,Technical Support,Low,Chat,In Progress,325,15.67,Pending
TKT-001244,2839-RFSQE,Equipment,Low,Chat,Resolved,152,84.19,Account information updated
TKT-001245,7010-ZMVBF,Billing,Medium,Web,Closed,265,21.62,Service configuration updated
TKT-001246,7010-ZMVBF,Technical Support,Low,Email,Open,309,76.06,Pending
TKT-001247,1965-DDBWU,Technical Support,Medium,Chat,Resolved,106,35.43,Escalated to specialist
TKT-001248,1965-DDBWU,Streaming,High,Phone,Resolved,29,31.26,Issue resolved remotely
TKT-001249,9057-SIHCH,Technical Support,Urgent,Chat,Resolved,124,11.13,Billing adjustment applied
TKT-001250,9057-SIHCH,Internet Connectivity,High,Phone,Closed,9,24.98,Escalated to specialist
TKT-001251,9057-SIHCH,Internet Connectivity,High,Chat,Closed,334,7.53,Escalated to specialist
TKT-001252,2926-JEJJC,Technical Support,Low,Phone,Resolved,12,119.42,Escalated to specialist
TKT-001253,2926-JEJJC,Technical Support,Medium,Phone,In Progress,288,33.04,Pending
TKT-001254,2926-JEJJC,Billing,Low,Chat,In Progress,222,86.28,Pending
TKT-001255,8601-QACRS,Payment Issue,Low,Web,Closed,184,21.02,Billing adjustment applied
TKT-001256,9822-WMWVG,Streaming,Medium,Email,Closed,357,54.8,Customer provided troubleshooting steps
TKT-001257,9822-WMWVG,Internet Connectivity,Medium,Email,In Progress,261,25.08,Pending
TKT-001258,2391-SOORI,Technical Support,Medium,Phone,Closed,190,45.97,Payment method updated
TKT-001259,9040-KZVWO,Technical Support,Low,Web,In Progress,142,49.73,Pending
TKT-001260,2522-AHJXR,Payment Issue,Medium,Phone,Resolved,165,34.56,Replacement equipment requested
TKT-001261,1816-FLZDK,Internet Connectivity,Low,Chat,Resolved,54,35.67,Payment method updated
TKT-001262,1816-FLZDK,Technical Support,Medium,Chat,Open,153,31.73,Pending
TKT-001263,8443-ZRDBZ,Equipment,Medium,Phone,Open,360,43.02,Pending
TKT-001264,8443-ZRDBZ,Equipment,High,Web,Resolved,354,21.41,Issue resolved remotely
TKT-001265,8443-ZRDBZ,Billing,High,Phone,Closed,311,22.18,Replacement equipment requested
TKT-001266,8443-ZRDBZ,Payment Issue,High,Chat,In Progress,350,22.71,Pending
TKT-001267,9385-NXKDA,Service Change,Medium,Web,Open,149,18.48,Pending
TKT-001268,0430-IHCDJ,Service Change,Low,Web,Closed,112,27.21,Replacement equipment requested
TKT-001269,2959-MJHIC,Billing,High,Chat,Closed,270,20.81,Customer provided troubleshooting steps
TKT-001270,2959-MJHIC,Payment Issue,High,Email,Open,9,9.5,Pending
TKT-001271,9351-HXDMR,Technical Support,Low,Email,Resolved,316,93.75,Issue resolved remotely
TKT-001272,9351-HXDMR,Internet Connectivity,Low,Web,Resolved,100,55.77,Customer provided troubleshooting steps
TKT-001273,9351-HXDMR,Service Change,Low,Chat,Closed,155,57.68,Payment method updated
TKT-001274,2129-ALKBS,Account Access,Low,Phone,Resolved,124,117.12,Payment method updated
TKT-001275,6968-URWQU,Technical Support,Low,Web,Resolved,133,87.75,Payment method updated
TKT-001276,4742-TXUEX,Technical Support,Low,Email,Closed,323,66.41,Account information updated
TKT-001277,8873-TMKGR,Account Access,Medium,Chat,Closed,109,53.6,Customer provided troubleshooting steps
TKT-001278,2386-OWURY,Service Change,Medium,Chat,Resolved,232,13.68,Billing adjustment applied
TKT-001279,2386-OWURY,Equipment,Medium,Phone,Closed,21,25.93,Issue resolved remotely
TKT-001280,6598-RFFVI,Service Change,Medium,Web,Resolved,192,22.98,Account information updated
TKT-001281,6598-RFFVI,Streaming,Low,Phone,Open,165,81.69,Pending
TKT-001282,6712-OAWRH,Payment Issue,Medium,Email,Closed,68,56.9,Customer provided troubleshooting steps
TKT-001283,6712-OAWRH,Internet Connectivity,Medium,Email,Resolved,283,35.77,Issue resolved remotely
TKT-001284,6712-OAWRH,Service Change,Medium,Email,Closed,216,17.79,Issue resolved remotely
TKT-001285,2800-QQUSO,Internet Connectivity,Medium,Email,Closed,198,43.29,Replacement equipment requested
TKT-001286,2800-QQUSO,Streaming,High,Chat,Resolved,82,20.12,Replacement equipment requested
TKT-001287,2800-QQUSO,Technical Support,High,Web,Resolved,112,29.66,Payment method updated
TKT-001288,2800-QQUSO,Technical Support,Medium,Phone,In Progress,187,36.75,Pending
TKT-001289,2930-UOTMB,Payment Issue,Low,Chat,In Progress,287,95.55,Pending
TKT-001290,2533-QVMSK,Streaming,Low,Chat,Closed,124,112.62,Customer provided troubleshooting steps
TKT-001291,2533-QVMSK,Technical Support,Medium,Web,Resolved,5,66.52,Customer provided troubleshooting steps
TKT-001292,8573-JGCZW,Billing,Low,Phone,Closed,321,85.56,Service configuration updated
TKT-001293,6701-YVNQG,Account Access,Low,Email,Closed,121,69.11,Billing adjustment applied
TKT-001294,8819-ZBYNA,Streaming,Low,Email,Resolved,84,71.45,Customer provided troubleshooting steps
TKT-001295,6137-NICCO,Account Access,Medium,Web,Closed,132,61.38,Customer provided troubleshooting steps
TKT-001296,6137-NICCO,Equipment,High,Phone,Closed,218,5.22,Replacement equipment requested
TKT-001297,6402-EJMWF,Streaming,Medium,Phone,In Progress,91,15.18,Pending
TKT-001298,6946-LMSQS,Internet Connectivity,Low,Email,Resolved,308,66.46,Billing adjustment applied
TKT-001299,2325-ZUSFD,Technical Support,Low,Chat,Resolved,130,98.31,Replacement equipment requested
TKT-001300,2325-ZUSFD,Service Change,Medium,Chat,In Progress,318,27.2,Pending
TKT-001301,6872-HXFNF,Internet Connectivity,Low,Phone,Closed,201,51.74,Payment method updated
TKT-001302,6872-HXFNF,Equipment,Low,Chat,Closed,128,113.92,Replacement equipment requested
TKT-001303,3932-CMDTD,Technical Support,Medium,Phone,Resolved,232,47.79,Billing adjustment applied
TKT-001304,3932-CMDTD,Billing,Medium,Web,Resolved,110,62.3,Issue resolved remotely
TKT-001305,3594-UVONA,Internet Connectivity,Low,Chat,Resolved,9,16.7,Service configuration updated
TKT-001306,0004-TLHLJ,Technical Support,Medium,Chat,Closed,303,35.32,Replacement equipment requested
TKT-001307,0004-TLHLJ,Technical Support,High,Phone,Open,131,25.19,Pending
TKT-001308,0004-TLHLJ,Technical Support,Medium,Phone,Closed,316,17.89,Customer provided troubleshooting steps
TKT-001309,8805-JNRAZ,Account Access,Low,Chat,Open,277,86.09,Pending
TKT-001310,8805-JNRAZ,Internet Connectivity,Medium,Chat,Closed,48,51.49,Customer provided troubleshooting steps
TKT-001311,6418-HNFED,Billing,Low,Web,Closed,302,66.94,Account information updated
TKT-001312,6710-HSJRD,Billing,Medium,Web,Open,237,33.11,Pending
TKT-001313,3675-EQOZA,Billing,Low,Phone,Closed,70,46.71,Billing adjustment applied
TKT-001314,4817-VYYWS,Service Change,Medium,Chat,Resolved,110,68.72,Billing adjustment applied
TKT-001315,4817-VYYWS,Streaming,Medium,Phone,Resolved,55,39.42,Customer provided troubleshooting steps
TKT-001316,1357-BIJKI,Technical Support,Low,Email,In Progress,125,20.2,Pending
TKT-001317,4570-QHXHL,Technical Support,Medium,Email,Resolved,31,30.37,Issue resolved remotely
TKT-001318,4570-QHXHL,Streaming,Low,Chat,In Progress,13,84.61,Pending
TKT-001319,4090-KPJIP,Service Change,Medium,Chat,Resolved,113,23.76,Account information updated
TKT-001320,4090-KPJIP,Billing,High,Phone,In Progress,33,20.19,Pending
TKT-001321,4090-KPJIP,Internet Connectivity,Medium,Chat,Open,213,17.58,Pending
TKT-001322,8590-OHDIW,Internet Connectivity,Low,Web,In Progress,182,49.12,Pending
TKT-001323,8015-IHCGW,Technical Support,Low,Phone,Open,64,89.63,Pending
TKT-001324,2332-TODQS,Payment Issue,Low,Phone,Open,135,18.06,Pending
TKT-001325,9278-VZKCD,Billing,Medium,Chat,Resolved,107,40.43,Account information updated
TKT-001326,5759-RCVCB,Streaming,Low,Web,In Progress,41,69.35,Pending
TKT-001327,5759-RCVCB,Technical Support,Medium,Phone,Closed,275,29.45,Service configuration updated
TKT-001328,5759-RCVCB,Payment Issue,Medium,Chat,Open,244,54.37,Pending
TKT-001329,6372-RFVNS,Technical Support,High,Chat,Closed,289,27.13,Service configuration updated
TKT-001330,6372-RFVNS,Technical Support,High,Phone,Closed,320,12.64,Customer provided troubleshooting steps
TKT-001331,2139-FQHLM,Technical Support,Low,Phone,Resolved,297,83.88,Billing adjustment applied
TKT-001332,8938-UMKPI,Technical Support,High,Web,Closed,227,7.29,Issue resolved remotely
TKT-001333,8938-UMKPI,Streaming,High,Chat,Closed,25,18.35,Customer provided troubleshooting steps
TKT-001334,6319-IEJWJ,Equipment,Medium,Phone,Resolved,208,24.14,Escalated to specialist
TKT-001335,6319-IEJWJ,Payment Issue,Medium,Chat,Resolved,155,60.41,Billing adjustment applied
TKT-001336,6319-IEJWJ,Equipment,High,Chat,Resolved,211,22.96,Service configuration updated
TKT-001337,6173-GOLSU,Account Access,Low,Phone,Resolved,347,25.8,Billing adjustment applied
TKT-001338,4647-MUZON,Payment Issue,High,Chat,Open,96,32.17,Pending
TKT-001339,4647-MUZON,Equipment,High,Email,Resolved,216,14.02,Escalated to specialist
TKT-001340,1729-VLAZJ,Payment Issue,Medium,Web,Closed,33,48.96,Payment method updated
TKT-001341,1729-VLAZJ,Service Change,Medium,Chat,Closed,191,19.43,Escalated to specialist
TKT-001342,0701-TJSEF,Billing,Low,Web,Open,310,20.81,Pending
TKT-001343,0701-TJSEF,Service Change,Low,Chat,In Progress,7,26.84,Pending
TKT-001344,0701-TJSEF,Internet Connectivity,Low,Web,Closed,249,75.88,Account information updated
TKT-001345,1559-DTODC,Streaming,Low,Phone,In Progress,267,71.09,Pending
TKT-001346,1559-DTODC,Internet Connectivity,Medium,Phone,Closed,117,21.69,Customer provided troubleshooting steps
TKT-001347,4537-CIBHB,Equipment,Low,Web,Open,145,55.87,Pending
TKT-001348,6704-UTUKK,Service Change,Medium,Phone,Closed,15,9.45,Account information updated
TKT-001349,4587-VVTOX,Equipment,Urgent,Web,In Progress,54,11.31,Pending
TKT-001350,4587-VVTOX,Service Change,High,Phone,Resolved,258,23.15,Issue resolved remotely
TKT-001351,4587-VVTOX,Payment Issue,High,Chat,Closed,257,11.83,Account information updated
TKT-001352,2019-HDCZY,Billing,Low,Phone,Resolved,318,32.38,Customer provided troubleshooting steps
TKT-001353,7404-JLKQG,Payment Issue,Low,Phone,Closed,332,99.86,Payment method updated
TKT-001354,7404-JLKQG,Technical Support,Low,Web,Resolved,98,55.81,Service configuration updated
TKT-001355,7404-JLKQG,Technical Support,Low,Phone,Resolved,72,92.72,Account information updated
TKT-001356,8915-NNTRC,Payment Issue,Low,Web,Resolved,226,92.86,Payment method updated
TKT-001357,2541-YGPKE,Technical Support,Low,Phone,Resolved,6,115.85,Customer provided troubleshooting steps
TKT-001358,2541-YGPKE,Equipment,Medium,Phone,In Progress,216,67.75,Pending
TKT-001359,2541-YGPKE,Internet Connectivity,Low,Chat,Open,319,87.1,Pending
TKT-001360,2860-RANUS,Service Change,Medium,Phone,In Progress,3,29.1,Pending
TKT-001361,2860-RANUS,Streaming,High,Chat,Resolved,281,4.08,Replacement equipment requested
TKT-001362,0432-CAJZV,Internet Connectivity,Medium,Web,Closed,236,18.71,Billing adjustment applied
TKT-001363,0432-CAJZV,Technical Support,Medium,Web,Closed,174,32.97,Account information updated
TKT-001364,9365-CSLBQ,Billing,Low,Phone,Open,70,89.42,Pending
TKT-001365,9365-CSLBQ,Account Access,Low,Chat,Resolved,344,76.46,Account information updated
TKT-001366,7130-CTCUS,Internet Connectivity,Medium,Web,Open,59,19.55,Pending
TKT-001367,7130-CTCUS,Internet Connectivity,Low,Email,Resolved,45,62.12,Account information updated
TKT-001368,6194-HBGQN,Service Change,Medium,Web,In Progress,180,8.57,Pending
TKT-001369,6194-HBGQN,Service Change,Low,Chat,Resolved,239,60.46,Issue resolved remotely
TKT-001370,6194-HBGQN,Service Change,Medium,Email,In Progress,56,49.64,Pending
TKT-001371,1731-TVIUK,Payment Issue,High,Email,Resolved,222,19.54,Escalated to specialist
TKT-001372,1731-TVIUK,Payment Issue,High,Chat,Closed,339,6.53,Issue resolved remotely
TKT-001373,2987-BJXIK,Streaming,Low,Web,Closed,34,109.27,Billing adjustment applied
TKT-001374,5803-NQJZO,Internet Connectivity,Low,Phone,Open,258,77.59,Pending
TKT-001375,0743-HRVFF,Billing,Low,Email,Resolved,241,21.63,Payment method updated
TKT-001376,8570-KLJYJ,Equipment,Medium,Email,Closed,191,71.68,Replacement equipment requested
TKT-001377,9473-CBZOP,Payment Issue,Medium,Web,Closed,66,20.49,Account information updated
TKT-001378,2969-WGHQO,Internet Connectivity,Low,Phone,Resolved,237,46.74,Customer provided troubleshooting steps
TKT-001379,5863-OOKCL,Service Change,Low,Chat,In Progress,158,15.29,Pending
TKT-001380,5863-OOKCL,Internet Connectivity,Low,Phone,Resolved,327,14.65,Customer provided troubleshooting steps
TKT-001381,5574-NXZIU,Internet Connectivity,Medium,Web,Resolved,337,42.66,Replacement equipment requested
TKT-001382,4256-ZWTZI,Internet Connectivity,Low,Web,Resolved,43,72.12,Payment method updated
TKT-001383,2525-GVKQU,Internet Connectivity,Low,Chat,Resolved,209,90.74,Replacement equipment requested
TKT-001384,2525-GVKQU,Internet Connectivity,Low,Web,Closed,248,51.4,Escalated to specialist
TKT-001385,2525-GVKQU,Technical Support,Low,Chat,Resolved,54,73.31,Customer provided troubleshooting steps
TKT-001386,8161-QYMTT,Equipment,Urgent,Email,Closed,359,10.46,Billing adjustment applied
TKT-001387,8161-QYMTT,Streaming,High,Phone,Resolved,77,7.0,Replacement equipment requested
TKT-001388,8161-QYMTT,Payment Issue,High,Phone,Resolved,150,19.87,Replacement equipment requested
TKT-001389,0440-QEXBZ,Internet Connectivity,Low,Email,Resolved,256,84.99,Customer provided troubleshooting steps
TKT-001390,1629-DQQVB,Service Change,Low,Web,Resolved,80,49.32,Issue resolved remotely
TKT-001391,7239-HZZCX,Technical Support,Medium,Email,Resolved,272,14.88,Payment method updated
TKT-001392,0531-ZZJWQ,Technical Support,Low,Chat,Closed,361,65.05,Service configuration updated
TKT-001393,0628-CNQRM,Account Access,Low,Phone,In Progress,102,85.13,Pending
TKT-001394,5606-AMZBO,Internet Connectivity,High,Web,Closed,17,28.75,Payment method updated
TKT-001395,5606-AMZBO,Billing,Medium,Web,Open,270,56.23,Pending
TKT-001396,3847-BAERP,Payment Issue,Low,Chat,Closed,224,43.6,Payment method updated
TKT-001397,3847-BAERP,Technical Support,Low,Phone,Resolved,144,38.49,Service configuration updated
TKT-001398,3847-BAERP,Internet Connectivity,Low,Email,In Progress,272,50.05,Pending
TKT-001399,0608-JDVEC,Equipment,Low,Phone,Resolved,87,114.11,Replacement equipment requested
TKT-001400,3982-JGSFD,Billing,Low,Chat,Open,326,119.22,Pending
TKT-001401,1574-DYCWE,Internet Connectivity,Medium,Phone,Resolved,2,11.14,Replacement equipment requested
TKT-001402,1574-DYCWE,Payment Issue,Medium,Chat,Closed,97,12.22,Payment method updated
TKT-001403,9138-EFSMO,Account Access,Medium,Phone,Open,125,51.73,Pending
TKT-001404,9138-EFSMO,Payment Issue,Medium,Web,In Progress,205,24.19,Pending
TKT-001405,0576-WNXXC,Account Access,High,Chat,Resolved,63,11.73,Account information updated
TKT-001406,0576-WNXXC,Internet Connectivity,High,Chat,Closed,71,21.26,Customer provided troubleshooting steps
TKT-001407,6834-NXDCA,Technical Support,Medium,Phone,Closed,266,62.41,Replacement equipment requested
TKT-001408,6834-NXDCA,Billing,High,Email,Resolved,179,31.92,Escalated to specialist
TKT-001409,6834-NXDCA,Billing,High,Chat,Closed,257,5.44,Service configuration updated
TKT-001410,6834-NXDCA,Equipment,Medium,Email,Resolved,204,71.48,Escalated to specialist
TKT-001411,7278-CKDNC,Internet Connectivity,High,Email,Open,26,16.94,Pending
TKT-001412,7278-CKDNC,Billing,Medium,Chat,Closed,31,18.23,Issue resolved remotely
TKT-001413,2748-MYRVK,Billing,Medium,Phone,Resolved,107,31.58,Account information updated
TKT-001414,7181-OQCUT,Account Access,Medium,Chat,Resolved,205,29.92,Escalated to specialist
TKT-001415,7181-OQCUT,Service Change,Medium,Phone,Resolved,332,18.99,Service configuration updated
TKT-001416,3836-FZSDJ,Equipment,Low,Phone,Closed,47,42.51,Replacement equipment requested
TKT-001417,3836-FZSDJ,Billing,Low,Web,Resolved,170,18.42,Service configuration updated
TKT-001418,3836-FZSDJ,Billing,Low,Phone,Resolved,357,78.19,Payment method updated
TKT-001419,9142-XMYJH,Payment Issue,Low,Web,Resolved,236,17.81,Billing adjustment applied
TKT-001420,9142-XMYJH,Billing,Medium,Chat,In Progress,6,33.58,Pending
TKT-001421,7733-UDMTP,Service Change,Low,Web,Closed,252,90.5,Billing adjustment applied
TKT-001422,7733-UDMTP,Service Change,Low,Chat,Closed,208,19.55,Service configuration updated
TKT-001423,2649-HWLYB,Technical Support,Low,Chat,Resolved,13,87.83,Billing adjustment applied
TKT-001424,4229-CZMLL,Payment Issue,High,Phone,Closed,36,35.0,Replacement equipment requested
TKT-001425,4229-CZMLL,Technical Support,Medium,Phone,Closed,54,19.01,Billing adjustment applied
TKT-001426,4229-CZMLL,Technical Support,Medium,Email,Resolved,14,40.94,Payment method updated
TKT-001427,5049-MUBWG,Equipment,Low,Chat,Open,151,71.71,Pending
TKT-001428,5049-MUBWG,Internet Connectivity,Low,Web,Resolved,319,96.7,Account information updated
TKT-001429,4223-WOZCM,Service Change,Medium,Web,Resolved,282,47.07,Replacement equipment requested
TKT-001430,4223-WOZCM,Technical Support,Low,Chat,Closed,242,50.48,Billing adjustment applied
TKT-001431,0769-MURVM,Streaming,Medium,Web,Resolved,162,41.77,Replacement equipment requested
TKT-001432,9741-YLNTD,Billing,Medium,Phone,Resolved,104,58.01,Service configuration updated
TKT-001433,9741-YLNTD,Internet Connectivity,Medium,Chat,Closed,98,21.19,Payment method updated
TKT-001434,9741-YLNTD,Account Access,High,Web,Closed,329,28.14,Billing adjustment applied
TKT-001435,9741-YLNTD,Technical Support,Medium,Email,Resolved,191,27.12,Replacement equipment requested
TKT-001436,5917-RYRMG,Internet Connectivity,Low,Phone,Resolved,138,113.76,Billing adjustment applied
TKT-001437,5917-RYRMG,Internet Connectivity,Medium,Web,Resolved,25,21.09,Customer provided troubleshooting steps
TKT-001438,9025-ZRPVR,Account Access,Medium,Phone,Closed,41,18.06,Billing adjustment applied
TKT-001439,6248-BSHKG,Internet Connectivity,Low,Web,Resolved,217,84.4,Customer provided troubleshooting steps
TKT-001440,6248-BSHKG,Billing,Low,Web,Open,105,71.1,Pending
TKT-001441,6248-BSHKG,Payment Issue,Low,Email,Closed,200,119.9,Billing adjustment applied
TKT-001442,8620-RJPZN,Payment Issue,Low,Web,Resolved,49,109.7,Escalated to specialist
TKT-001443,7572-KPVKK,Streaming,Medium,Phone,Resolved,55,12.92,Customer provided troubleshooting steps
TKT-001444,2428-ZMCTB,Streaming,Low,Chat,Closed,212,34.32,Replacement equipment requested
TKT-001445,1166-PQLGG,Account Access,Low,Chat,In Progress,32,75.85,Pending
TKT-001446,0017-IUDMW,Internet Connectivity,Medium,Email,In Progress,301,31.08,Pending
TKT-001447,5446-DKWYW,Billing,Medium,Phone,Resolved,298,13.49,Service configuration updated
TKT-001448,2990-IAJSV,Technical Support,Low,Phone,Closed,143,81.02,Service configuration updated
TKT-001449,4029-HPFVY,Technical Support,High,Email,Resolved,108,26.64,Customer provided troubleshooting steps
TKT-001450,4029-HPFVY,Billing,High,Web,Closed,179,23.13,Service configuration updated
TKT-001451,4029-HPFVY,Internet Connectivity,High,Web,Closed,187,33.41,Customer provided troubleshooting steps
TKT-001452,4029-HPFVY,Billing,High,Phone,Open,26,15.63,Pending
TKT-001453,7602-DBTOU,Technical Support,Low,Phone,Resolved,195,79.54,Issue resolved remotely
TKT-001454,3519-ZKXGG,Technical Support,Medium,Phone,Closed,4,15.71,Replacement equipment requested
TKT-001455,3519-ZKXGG,Service Change,Medium,Phone,Closed,33,17.27,Service configuration updated
TKT-001456,3519-ZKXGG,Service Change,Medium,Chat,Open,81,22.37,Pending
TKT-001457,5457-COLHT,Equipment,Medium,Web,Resolved,325,16.77,Account information updated
TKT-001458,5457-COLHT,Payment Issue,Low,Chat,Closed,345,64.35,Payment method updated
TKT-001459,7998-WNZEM,Internet Connectivity,Low,Web,Resolved,274,86.56,Customer provided troubleshooting steps
TKT-001460,0307-BCOPK,Internet Connectivity,Medium,Web,Resolved,214,31.45,Escalated to specialist
TKT-001461,7919-ZODZZ,Service Change,Low,Phone,In Progress,56,13.1,Pending
TKT-001462,7919-ZODZZ,Billing,Low,Phone,Closed,270,114.57,Replacement equipment requested
TKT-001463,7919-ZODZZ,Payment Issue,Medium,Phone,Closed,6,68.75,Billing adjustment applied
TKT-001464,9054-FOWNV,Payment Issue,High,Phone,In Progress,121,4.78,Pending
TKT-001465,9054-FOWNV,Account Access,High,Phone,Resolved,302,8.67,Replacement equipment requested
TKT-001466,9054-FOWNV,Equipment,Medium,Web,Closed,186,40.04,Payment method updated
TKT-001467,8207-VVMYB,Technical Support,Medium,Phone,Closed,184,62.84,Replacement equipment requested
TKT-001468,1087-UDSIH,Technical Support,Low,Web,Closed,232,94.03,Billing adjustment applied
TKT-001469,1087-UDSIH,Internet Connectivity,Medium,Chat,Open,98,71.73,Pending
TKT-001470,8818-DOPVL,Equipment,Medium,Email,Closed,202,33.73,Service configuration updated
TKT-001471,8818-DOPVL,Billing,High,Web,Closed,43,22.35,Payment method updated
TKT-001472,8818-DOPVL,Billing,High,Phone,In Progress,330,31.42,Pending
TKT-001473,8818-DOPVL,Equipment,Medium,Web,In Progress,19,55.09,Pending
TKT-001474,5445-PZWGX,Account Access,Low,Web,Resolved,25,35.79,Customer provided troubleshooting steps
TKT-001475,1227-UDMZR,Billing,Medium,Phone,In Progress,117,56.33,Pending
TKT-001476,2692-PFYTJ,Payment Issue,Medium,Web,Closed,26,59.11,Account information updated
TKT-001477,2692-PFYTJ,Billing,Medium,Phone,In Progress,221,8.51,Pending
TKT-001478,2692-PFYTJ,Payment Issue,Medium,Web,Resolved,113,59.5,Service configuration updated
TKT-001479,9135-HSWOC,Internet Connectivity,Low,Phone,Closed,68,119.28,Payment method updated
TKT-001480,8582-KRHPJ,Billing,Low,Phone,Open,123,83.23,Pending
TKT-001481,4489-SNOJF,Technical Support,Low,Chat,Resolved,14,83.8,Account information updated
TKT-001482,1131-ALZWV,Equipment,Low,Email,Closed,140,14.18,Billing adjustment applied
TKT-001483,1131-ALZWV,Account Access,Low,Web,Closed,313,38.43,Issue resolved remotely
TKT-001484,7729-XBTWX,Billing,Low,Web,In Progress,22,39.01,Pending
TKT-001485,7729-XBTWX,Service Change,Low,Web,Open,206,89.94,Pending
TKT-001486,0559-CKHUS,Payment Issue,Low,Chat,Open,299,99.97,Pending
TKT-001487,6899-PPEEA,Technical Support,High,Web,In Progress,19,10.86,Pending
TKT-001488,6899-PPEEA,Technical Support,Medium,Phone,Closed,304,10.25,Issue resolved remotely
TKT-001489,7504-UWHNB,Internet Connectivity,Medium,Phone,Open,344,33.83,Pending
TKT-001490,5808-TOTXO,Account Access,Low,Phone,Closed,72,86.55,Account information updated
TKT-001491,5324-KTGCG,Technical Support,Medium,Web,Resolved,246,11.55,Replacement equipment requested
TKT-001492,2700-LUEVA,Internet Connectivity,Low,Web,Open,35,100.53,Pending
TKT-001493,2700-LUEVA,Equipment,Low,Web,Resolved,170,110.23,Issue resolved remotely
TKT-001494,2700-LUEVA,Technical Support,Low,Chat,Resolved,71,88.67,Customer provided troubleshooting steps
TKT-001495,0958-YHXGP,Equipment,Medium,Web,In Progress,28,69.77,Pending
TKT-001496,0958-YHXGP,Account Access,Medium,Chat,In Progress,189,43.4,Pending
TKT-001497,0958-YHXGP,Payment Issue,Medium,Phone,Resolved,274,52.68,Billing adjustment applied
TKT-001498,4468-YDOVK,Internet Connectivity,Low,Chat,Open,90,68.0,Pending
TKT-001499,7130-VTEWQ,Billing,High,Email,Open,258,17.55,Pending
TKT-001500,7130-VTEWQ,Billing,High,Email,In Progress,296,30.27,Pending
TKT-001501,4302-ZYFEL,Internet Connectivity,Low,Chat,Resolved,246,30.93,Account information updated
TKT-001502,4302-ZYFEL,Technical Support,Low,Chat,In Progress,157,36.34,Pending
TKT-001503,0096-BXERS,Payment Issue,Medium,Email,Open,57,40.24,Pending
TKT-001504,0096-BXERS,Billing,Medium,Chat,Resolved,197,58.99,Replacement equipment requested
TKT-001505,8430-TWCBX,Equipment,Low,Chat,In Progress,325,76.71,Pending
TKT-001506,8430-TWCBX,Service Change,Low,Phone,Closed,305,23.63,Account information updated
TKT-001507,4737-HOBAX,Equipment,Low,Phone,Resolved,144,56.59,Service configuration updated
TKT-001508,7632-YUTXB,Equipment,Low,Web,Resolved,262,22.34,Issue resolved remotely
TKT-001509,7691-XVTZH,Service Change,Low,Web,Closed,274,85.52,Issue resolved remotely
TKT-001510,7691-XVTZH,Technical Support,Low,Phone,Closed,48,41.46,Billing adjustment applied
TKT-001511,7691-XVTZH,Payment Issue,Low,Phone,Closed,215,73.89,Account information updated
TKT-001512,2277-VWCNI,Billing,Medium,Chat,In Progress,73,8.28,Pending
TKT-001513,3400-ESFUW,Payment Issue,Low,Web,Closed,71,26.51,Replacement equipment requested
TKT-001514,3400-ESFUW,Technical Support,Low,Web,Resolved,203,117.46,Customer provided troubleshooting steps
TKT-001515,3400-ESFUW,Billing,Low,Chat,Resolved,288,69.58,Customer provided troubleshooting steps
TKT-001516,0377-JBKKT,Billing,Medium,Chat,Resolved,339,53.41,Issue resolved remotely
TKT-001517,0377-JBKKT,Equipment,Low,Phone,In Progress,251,118.49,Pending
TKT-001518,2057-ZBLPD,Account Access,High,Chat,Closed,234,14.72,Billing adjustment applied
TKT-001519,2057-ZBLPD,Internet Connectivity,Medium,Phone,Resolved,141,36.59,Billing adjustment applied
TKT-001520,9039-RBEEE,Internet Connectivity,Low,Chat,Resolved,78,33.89,Replacement equipment requested
TKT-001521,0257-KXZGU,Internet Connectivity,Low,Email,Resolved,102,46.44,Customer provided troubleshooting steps
TKT-001522,2824-DXNKN,Technical Support,Low,Email,In Progress,330,80.59,Pending
TKT-001523,2824-DXNKN,Payment Issue,Low,Phone,Closed,342,45.68,Billing adjustment applied
TKT-001524,0420-TXVSG,Internet Connectivity,Low,Phone,Closed,305,82.25,Escalated to specialist
TKT-001525,0420-TXVSG,Technical Support,Medium,Phone,Closed,240,68.28,Escalated to specialist
TKT-001526,0420-TXVSG,Equipment,Low,Web,Resolved,351,65.94,Issue resolved remotely
TKT-001527,6874-SGLHU,Service Change,Low,Chat,Resolved,120,115.91,Payment method updated
TKT-001528,5951-AOFIH,Billing,Low,Web,Closed,295,30.69,Account information updated
TKT-001529,5951-AOFIH,Billing,Low,Email,Closed,290,64.28,Escalated to specialist
TKT-001530,5061-PBXFW,Billing,Low,Web,Closed,100,35.83,Escalated to specialist
TKT-001531,5061-PBXFW,Billing,Low,Phone,Closed,137,30.27,Account information updated
TKT-001532,3639-XJHKQ,Technical Support,Low,Chat,Closed,138,36.35,Service configuration updated
TKT-001533,3639-XJHKQ,Billing,Medium,Chat,Resolved,199,61.09,Replacement equipment requested
TKT-001534,2263-SFSQZ,Technical Support,Low,Phone,Open,197,105.82,Pending
TKT-001535,9950-MTGYX,Billing,Medium,Phone,In Progress,165,57.35,Pending
TKT-001536,9950-MTGYX,Streaming,Medium,Phone,Resolved,280,68.63,Billing adjustment applied
TKT-001537,4825-FUREZ,Internet Connectivity,Low,Phone,In Progress,161,13.13,Pending
TKT-001538,4825-FUREZ,Technical Support,Medium,Web,Resolved,162,12.73,Billing adjustment applied
TKT-001539,2672-OJQZP,Billing,Low,Phone,In Progress,107,114.62,Pending
TKT-001540,6543-XRMYR,Technical Support,High,Web,Open,233,21.82,Pending
TKT-001541,6543-XRMYR,Internet Connectivity,High,Web,Closed,348,4.25,Issue resolved remotely
TKT-001542,2001-EWBQU,Internet Connectivity,Low,Email,Resolved,279,18.06,Issue resolved remotely
TKT-001543,2001-EWBQU,Technical Support,Low,Email,Resolved,107,48.74,Issue resolved remotely
TKT-001544,8280-MQRQN,Internet Connectivity,Medium,Phone,Closed,330,17.37,Replacement equipment requested
TKT-001545,0365-GXEZS,Internet Connectivity,Medium,Email,Open,305,60.89,Pending
TKT-001546,0082-OQIQY,Billing,High,Email,Resolved,352,11.04,Customer provided troubleshooting steps
TKT-001547,0082-OQIQY,Service Change,Medium,Phone,Closed,216,63.87,Replacement equipment requested
TKT-001548,0082-OQIQY,Account Access,Medium,Phone,Open,272,45.11,Pending
TKT-001549,3018-TFTSU,Internet Connectivity,Low,Phone,Closed,225,62.92,Billing adjustment applied
TKT-001550,4806-KEXQR,Streaming,Medium,Chat,Closed,19,49.69,Account information updated
TKT-001551,4806-KEXQR,Payment Issue,Medium,Chat,Resolved,38,40.74,Service configuration updated
TKT-001552,2665-NPTGL,Internet Connectivity,Medium,Web,Open,316,44.16,Pending
TKT-001553,2665-NPTGL,Service Change,High,Phone,Closed,97,26.35,Issue resolved remotely
TKT-001554,1139-WUOAH,Payment Issue,Low,Chat,Closed,163,91.7,Replacement equipment requested
TKT-001555,1139-WUOAH,Billing,Low,Web,Resolved,328,48.15,Account information updated
TKT-001556,4693-VWVBO,Payment Issue,Low,Phone,Closed,188,55.32,Billing adjustment applied
TKT-001557,0988-JRWWP,Billing,Medium,Phone,Resolved,205,11.03,Account information updated
TKT-001558,0988-JRWWP,Technical Support,Medium,Chat,Closed,42,66.25,Escalated to specialist
TKT-001559,7251-XFOIL,Service Change,Low,Web,Closed,165,110.72,Payment method updated
TKT-001560,7853-WNZSY,Streaming,Low,Phone,In Progress,288,63.1,Pending
TKT-001561,7853-WNZSY,Internet Connectivity,Medium,Chat,In Progress,87,46.64,Pending
TKT-001562,6917-FIJHC,Internet Connectivity,Low,Web,Closed,157,118.25,Issue resolved remotely
TKT-001563,5329-KRDTM,Equipment,Low,Phone,Closed,121,108.16,Customer provided troubleshooting steps
TKT-001564,5329-KRDTM,Equipment,Low,Phone,In Progress,22,103.37,Pending
TKT-001565,3530-VWVGU,Billing,Low,Web,Closed,100,118.64,Service configuration updated
TKT-001566,0707-HOVVN,Account Access,Low,Email,Resolved,160,66.85,Service configuration updated
TKT-001567,8580-QVLOC,Service Change,Low,Web,Open,228,119.9,Pending
TKT-001568,8671-KKKOS,Equipment,Low,Email,Resolved,65,99.19,Payment method updated
TKT-001569,8671-KKKOS,Technical Support,Low,Phone,Resolved,190,37.48,Issue resolved remotely
TKT-001570,7666-WKRON,Internet Connectivity,Medium,Chat,Resolved,254,8.49,Service configuration updated
TKT-001571,1945-XISKS,Streaming,Low,Phone,Closed,98,95.38,Replacement equipment requested
TKT-001572,5360-LJCNJ,Billing,Medium,Chat,Resolved,171,44.14,Service configuration updated
TKT-001573,5360-LJCNJ,Technical Support,Medium,Web,In Progress,95,55.52,Pending
TKT-001574,5360-LJCNJ,Technical Support,Low,Chat,Resolved,46,88.62,Replacement equipment requested
TKT-001575,1100-DDVRV,Technical Support,Low,Phone,Resolved,279,97.55,Customer provided troubleshooting steps
TKT-001576,1100-DDVRV,Technical Support,Medium,Phone,Closed,293,15.13,Issue resolved remotely
TKT-001577,7216-KAOID,Service Change,Medium,Phone,Resolved,345,8.96,Service configuration updated
TKT-001578,1385-TQOZW,Account Access,Low,Chat,Closed,25,80.62,Billing adjustment applied
TKT-001579,1385-TQOZW,Account Access,Low,Chat,In Progress,312,74.24,Pending
TKT-001580,4329-YPDDQ,Service Change,Low,Web,Open,222,98.93,Pending
TKT-001581,3750-CKVKH,Billing,High,Phone,Resolved,48,29.03,Customer provided troubleshooting steps
TKT-001582,3750-CKVKH,Service Change,High,Web,In Progress,276,8.16,Pending
TKT-001583,3750-CKVKH,Technical Support,Medium,Web,Closed,245,9.14,Issue resolved remotely
TKT-001584,3750-CKVKH,Service Change,Medium,Web,In Progress,210,47.46,Pending
TKT-001585,1386-ZIKUV,Billing,Medium,Chat,Resolved,109,48.09,Issue resolved remotely
TKT-001586,0599-XNYDO,Technical Support,Low,Phone,Closed,86,111.14,Escalated to specialist
TKT-001587,6377-WHAOX,Internet Connectivity,Low,Chat,Closed,345,15.88,Service configuration updated
TKT-001588,3181-MIZBN,Billing,Low,Web,In Progress,251,97.33,Pending
TKT-001589,3181-MIZBN,Internet Connectivity,Low,Web,Closed,149,54.77,Customer provided troubleshooting steps
TKT-001590,0471-ARVMX,Streaming,Medium,Chat,Open,272,63.18,Pending
TKT-001591,5650-YLIBA,Internet Connectivity,Medium,Phone,In Progress,135,57.11,Pending
TKT-001592,1069-XAIEM,Technical Support,High,Web,Resolved,273,32.68,Customer provided troubleshooting steps
TKT-001593,1069-XAIEM,Streaming,High,Chat,Closed,296,24.32,Billing adjustment applied
TKT-001594,1069-XAIEM,Billing,High,Chat,Closed,356,18.4,Billing adjustment applied
TKT-001595,1069-XAIEM,Streaming,High,Email,Closed,118,26.27,Billing adjustment applied
TKT-001596,1494-EJZDW,Payment Issue,Low,Phone,Open,287,95.71,Pending
TKT-001597,1494-EJZDW,Payment Issue,Low,Phone,Open,195,71.33,Pending
TKT-001598,9256-JTBNZ,Internet Connectivity,Low,Phone,Closed,255,82.57,Issue resolved remotely
TKT-001599,9256-JTBNZ,Account Access,Medium,Chat,Closed,62,38.74,Issue resolved remotely
TKT-001600,4658-HCOHW,Technical Support,High,Phone,Resolved,253,26.26,Service configuration updated
TKT-001601,4658-HCOHW,Billing,Medium,Phone,Closed,351,52.15,Billing adjustment applied
TKT-001602,4658-HCOHW,Payment Issue,High,Email,Closed,91,9.13,Payment method updated
TKT-001603,2432-TFSMK,Internet Connectivity,Medium,Web,Resolved,55,42.1,Service configuration updated
TKT-001604,2432-TFSMK,Streaming,Low,Phone,Closed,59,111.32,Account information updated
TKT-001605,1741-WTPON,Billing,Medium,Phone,Closed,345,59.81,Service configuration updated
TKT-001606,3594-KADLU,Account Access,Low,Chat,In Progress,341,112.92,Pending
TKT-001607,3680-CTHUH,Technical Support,Low,Chat,Resolved,203,95.56,Replacement equipment requested
TKT-001608,6112-KTHFQ,Internet Connectivity,Low,Web,Closed,149,62.69,Service configuration updated
TKT-001609,1852-XEMDW,Service Change,Low,Phone,Closed,350,18.83,Service configuration updated
TKT-001610,1820-DJFPH,Account Access,Low,Web,Closed,312,63.03,Customer provided troubleshooting steps
TKT-001611,1820-DJFPH,Billing,Medium,Chat,Closed,121,58.66,Account information updated
TKT-001612,7817-BOQPW,Billing,Medium,Email,Closed,356,21.08,Account information updated
TKT-001613,7817-BOQPW,Internet Connectivity,High,Web,In Progress,17,13.66,Pending
TKT-001614,1853-UDXBW,Streaming,High,Web,Resolved,217,22.5,Escalated to specialist
TKT-001615,1853-UDXBW,Technical Support,High,Phone,In Progress,117,23.43,Pending
TKT-001616,1853-UDXBW,Internet Connectivity,Medium,Chat,Closed,16,12.62,Replacement equipment requested
TKT-001617,9717-QEBGU,Equipment,High,Chat,Resolved,212,29.16,Account information updated
TKT-001618,9717-QEBGU,Streaming,High,Web,Resolved,187,12.49,Account information updated
TKT-001619,9717-QEBGU,Internet Connectivity,High,Chat,Resolved,192,14.74,Customer provided troubleshooting steps
TKT-001620,9717-QEBGU,Internet Connectivity,High,Web,Closed,59,8.23,Payment method updated
TKT-001621,3540-RZJYU,Streaming,Medium,Chat,In Progress,195,9.93,Pending
TKT-001622,3540-RZJYU,Internet Connectivity,Low,Chat,In Progress,320,93.76,Pending
TKT-001623,2091-MJTFX,Account Access,Low,Phone,Closed,182,65.87,Payment method updated
TKT-001624,2091-MJTFX,Equipment,Medium,Chat,Closed,205,60.98,Service configuration updated
TKT-001625,2091-MJTFX,Equipment,Low,Email,Closed,213,19.48,Service configuration updated
TKT-001626,4530-NDRKU,Payment Issue,Low,Chat,Resolved,145,103.49,Escalated to specialist
TKT-001627,8455-HIRAQ,Technical Support,Low,Phone,Resolved,5,117.91,Service configuration updated
TKT-001628,8455-HIRAQ,Technical Support,Medium,Chat,Resolved,314,39.84,Payment method updated
TKT-001629,7571-YXDAD,Account Access,Medium,Chat,Resolved,2,44.09,Issue resolved remotely
TKT-001630,7571-YXDAD,Internet Connectivity,Medium,Phone,Open,161,71.91,Pending
TKT-001631,3884-UEBXB,Account Access,Medium,Web,Closed,208,53.4,Issue resolved remotely
TKT-001632,3884-UEBXB,Streaming,Low,Web,Resolved,317,89.91,Payment method updated
TKT-001633,8780-RSYYU,Streaming,Medium,Chat,Open,308,41.06,Pending
TKT-001634,5537-UXXVS,Equipment,Low,Phone,In Progress,88,85.55,Pending
TKT-001635,8701-DGLVH,Service Change,Low,Web,Closed,244,109.25,Escalated to specialist
TKT-001636,8741-LQOBK,Service Change,Low,Chat,Closed,42,38.91,Billing adjustment applied
TKT-001637,0980-FEXWF,Payment Issue,Medium,Phone,Open,68,45.48,Pending
TKT-001638,3011-WQKSZ,Internet Connectivity,Medium,Chat,Resolved,75,37.76,Payment method updated
TKT-001639,3006-XIMLN,Internet Connectivity,Medium,Email,Closed,261,16.78,Replacement equipment requested
TKT-001640,3006-XIMLN,Billing,Medium,Chat,Closed,350,70.0,Service configuration updated
TKT-001641,8024-XNAFQ,Account Access,Low,Email,Resolved,145,22.99,Account information updated
TKT-001642,0265-PSUAE,Account Access,Low,Web,Resolved,9,43.66,Billing adjustment applied
TKT-001643,0463-TXOAK,Streaming,Low,Phone,Resolved,14,22.96,Replacement equipment requested
TKT-001644,9128-CPXKI,Payment Issue,Low,Web,In Progress,356,23.27,Pending
TKT-001645,5760-FXFVO,Technical Support,Medium,Chat,Resolved,114,47.12,Service configuration updated
TKT-001646,5760-FXFVO,Technical Support,High,Phone,Open,70,14.55,Pending
TKT-001647,5181-OABFK,Internet Connectivity,Low,Chat,In Progress,92,80.61,Pending
TKT-001648,7816-VGHTO,Payment Issue,Low,Chat,Closed,142,98.32,Issue resolved remotely
TKT-001649,4211-MMAZN,Technical Support,Low,Chat,Resolved,189,41.48,Escalated to specialist
TKT-001650,7581-EBBOU,Service Change,Low,Web,Resolved,170,44.4,Account information updated
TKT-001651,1541-ETJZO,Technical Support,Low,Phone,Open,76,117.1,Pending
TKT-001652,6119-SPUDB,Internet Connectivity,Medium,Email,In Progress,86,22.89,Pending
TKT-001653,1319-YLZJG,Internet Connectivity,Medium,Email,Open,320,63.13,Pending
TKT-001654,9298-WGMRW,Internet Connectivity,Low,Web,Closed,280,43.5,Issue resolved remotely
TKT-001655,9298-WGMRW,Internet Connectivity,Medium,Chat,Resolved,285,27.15,Escalated to specialist
TKT-001656,2778-OCLGR,Billing,Low,Phone,In Progress,250,63.52,Pending
TKT-001657,2778-OCLGR,Internet Connectivity,Low,Phone,Resolved,288,112.35,Account information updated
TKT-001658,6681-ZSEXG,Account Access,Low,Email,Resolved,44,58.08,Escalated to specialist
TKT-001659,6681-ZSEXG,Account Access,Medium,Web,Open,310,53.9,Pending
TKT-001660,3125-RAHBV,Internet Connectivity,Low,Email,Resolved,106,50.88,Escalated to specialist
TKT-001661,0373-AIVNJ,Payment Issue,Low,Web,Resolved,328,96.79,Issue resolved remotely
TKT-001662,8849-AYPTR,Technical Support,Medium,Email,Resolved,355,37.1,Payment method updated
TKT-001663,3646-ITDGM,Streaming,Medium,Web,Closed,94,32.54,Customer provided troubleshooting steps
TKT-001664,3646-ITDGM,Streaming,Low,Email,Closed,317,114.35,Escalated to specialist
TKT-001665,3646-ITDGM,Account Access,Low,Phone,Closed,345,116.02,Customer provided troubleshooting steps
TKT-001666,8224-KDLKN,Technical Support,Low,Email,Resolved,301,55.7,Service configuration updated
TKT-001667,8224-KDLKN,Account Access,Medium,Web,Closed,156,25.87,Service configuration updated
TKT-001668,8727-XDPUD,Internet Connectivity,Low,Phone,Resolved,323,28.31,Billing adjustment applied
TKT-001669,7762-ONLJY,Service Change,Low,Email,Open,111,108.77,Pending
TKT-001670,9814-AOUDH,Service Change,Low,Chat,In Progress,15,49.77,Pending
TKT-001671,6175-IRFIT,Technical Support,High,Phone,Closed,263,34.99,Escalated to specialist
TKT-001672,6175-IRFIT,Payment Issue,Medium,Chat,Closed,285,64.58,Billing adjustment applied
TKT-001673,6175-IRFIT,Technical Support,High,Phone,Resolved,260,22.27,Escalated to specialist
TKT-001674,1622-HSHSF,Technical Support,Low,Web,Closed,150,116.23,Escalated to specialist
TKT-001675,7067-KSAZT,Internet Connectivity,Medium,Chat,Open,129,67.95,Pending
TKT-001676,7067-KSAZT,Technical Support,Low,Web,Closed,48,110.39,Account information updated
TKT-001677,9972-NKTFD,Technical Support,Low,Email,Closed,108,91.77,Billing adjustment applied
TKT-001678,1112-CUNAO,Account Access,High,Web,Closed,48,12.11,Billing adjustment applied
TKT-001679,1112-CUNAO,Billing,Medium,Web,Closed,147,55.3,Billing adjustment applied
TKT-001680,9565-JSNFM,Internet Connectivity,Medium,Web,Open,97,22.74,Pending
TKT-001681,6654-QGBZZ,Internet Connectivity,Low,Web,Closed,105,53.75,Payment method updated
TKT-001682,9732-KPKBW,Billing,Medium,Email,Resolved,155,13.3,Billing adjustment applied
TKT-001683,9732-KPKBW,Technical Support,Low,Chat,Closed,361,32.9,Replacement equipment requested
TKT-001684,9732-KPKBW,Service Change,Low,Chat,Closed,183,105.65,Service configuration updated
TKT-001685,3339-EAQNV,Technical Support,Low,Web,Resolved,175,100.13,Issue resolved remotely
TKT-001686,1360-XFJMR,Service Change,Low,Email,Resolved,200,84.05,Issue resolved remotely
TKT-001687,0056-EPFBG,Equipment,Low,Web,Closed,287,51.07,Payment method updated
TKT-001688,8696-JKZNU,Technical Support,Medium,Chat,Resolved,50,18.61,Payment method updated
TKT-001689,8696-JKZNU,Internet Connectivity,Medium,Email,Resolved,31,51.29,Service configuration updated
TKT-001690,8190-ZTQFB,Streaming,Low,Phone,Resolved,67,97.33,Issue resolved remotely
TKT-001691,7515-LODFU,Internet Connectivity,Low,Chat,Closed,84,105.07,Escalated to specialist
TKT-001692,0440-UEDAI,Technical Support,Low,Phone,Resolved,129,14.77,Replacement equipment requested
TKT-001693,0440-UEDAI,Internet Connectivity,Low,Phone,In Progress,85,86.59,Pending
TKT-001694,0440-UEDAI,Internet Connectivity,Low,Chat,In Progress,298,15.82,Pending
TKT-001695,0868-VJRDR,Equipment,Low,Phone,In Progress,67,39.0,Pending
TKT-001696,0868-VJRDR,Streaming,Medium,Phone,Resolved,13,54.58,Escalated to specialist
TKT-001697,0868-VJRDR,Payment Issue,Low,Chat,Closed,325,74.69,Escalated to specialist
TKT-001698,8714-EUHJO,Technical Support,High,Web,Closed,71,4.56,Customer provided troubleshooting steps
TKT-001699,8714-EUHJO,Account Access,High,Web,Open,82,20.05,Pending
TKT-001700,3721-CNEYS,Internet Connectivity,Medium,Chat,Open,113,49.45,Pending
TKT-001701,3721-CNEYS,Account Access,Medium,Phone,In Progress,89,55.07,Pending
TKT-001702,0899-LIIBW,Service Change,Medium,Phone,Open,2,49.31,Pending
TKT-001703,0899-LIIBW,Payment Issue,Medium,Chat,Resolved,265,13.1,Billing adjustment applied
TKT-001704,5825-XJOCM,Billing,Medium,Web,Resolved,300,31.78,Account information updated
TKT-001705,6848-YLDFR,Billing,Low,Phone,Open,38,89.5,Pending
TKT-001706,4973-RLZVI,Payment Issue,Low,Phone,Closed,356,91.95,Account information updated
TKT-001707,4973-RLZVI,Account Access,Low,Chat,Closed,237,97.6,Customer provided troubleshooting steps
TKT-001708,4501-UYKBC,Technical Support,Low,Web,Closed,341,64.99,Customer provided troubleshooting steps
TKT-001709,8993-PHFWD,Technical Support,High,Phone,Closed,285,19.17,Customer provided troubleshooting steps
TKT-001710,8993-PHFWD,Billing,Medium,Web,Resolved,20,43.88,Billing adjustment applied
TKT-001711,5281-BUZGT,Technical Support,Low,Phone,Open,313,85.84,Pending
TKT-001712,5281-BUZGT,Billing,Low,Phone,Resolved,56,34.01,Escalated to specialist
TKT-001713,0562-FGDCR,Internet Connectivity,Low,Web,In Progress,315,21.91,Pending
TKT-001714,6075-QMNRR,Technical Support,Low,Phone,Closed,128,112.61,Escalated to specialist
TKT-001715,5966-EMAZU,Internet Connectivity,Medium,Phone,Resolved,242,39.32,Service configuration updated
TKT-001716,5566-SOEZD,Service Change,Medium,Chat,Closed,86,71.2,Service configuration updated
TKT-001717,5566-SOEZD,Streaming,Medium,Web,Closed,177,64.03,Billing adjustment applied
TKT-001718,9842-EFSYY,Internet Connectivity,Low,Web,Resolved,162,23.32,Customer provided troubleshooting steps
TKT-001719,2272-WUSPA,Internet Connectivity,Low,Phone,Closed,235,48.17,Billing adjustment applied
TKT-001720,4735-ASGMA,Equipment,Medium,Chat,Resolved,181,61.12,Issue resolved remotely
TKT-001721,4735-ASGMA,Streaming,High,Web,Closed,352,7.4,Payment method updated
TKT-001722,6527-PZFPV,Internet Connectivity,Low,Phone,Resolved,173,31.57,Service configuration updated
TKT-001723,7124-UGSUR,Internet Connectivity,Low,Chat,Resolved,56,57.94,Issue resolved remotely
TKT-001724,5236-XMZJY,Billing,Low,Phone,Open,15,29.01,Pending
TKT-001725,5236-XMZJY,Technical Support,Medium,Phone,In Progress,318,37.46,Pending
TKT-001726,5236-XMZJY,Equipment,Low,Email,Resolved,179,98.48,Customer provided troubleshooting steps
TKT-001727,2694-CIUMO,Payment Issue,Medium,Phone,Resolved,99,12.01,Escalated to specialist
TKT-001728,2694-CIUMO,Billing,High,Web,Resolved,21,24.76,Billing adjustment applied
TKT-001729,9692-TUSXH,Technical Support,High,Phone,Resolved,120,26.6,Customer provided troubleshooting steps
TKT-001730,9692-TUSXH,Internet Connectivity,Medium,Web,Resolved,277,35.39,Replacement equipment requested
TKT-001731,7912-SYRQT,Service Change,High,Phone,Closed,136,29.17,Escalated to specialist
TKT-001732,7912-SYRQT,Technical Support,Medium,Chat,In Progress,340,51.26,Pending
TKT-001733,7912-SYRQT,Technical Support,High,Phone,In Progress,73,30.23,Pending
TKT-001734,5600-PDUJF,Streaming,Medium,Web,Closed,282,68.29,Account information updated
TKT-001735,1867-BDVFH,Billing,High,Phone,In Progress,131,30.71,Pending
TKT-001736,1867-BDVFH,Billing,Medium,Phone,Closed,64,54.15,Issue resolved remotely
TKT-001737,1867-BDVFH,Payment Issue,High,Phone,Resolved,157,28.17,Customer provided troubleshooting steps
TKT-001738,9103-TCIHJ,Internet Connectivity,Low,Phone,In Progress,150,14.77,Pending
TKT-001739,9103-TCIHJ,Payment Issue,Low,Web,Closed,125,115.72,Account information updated
TKT-001740,9367-TCUYN,Billing,Low,Phone,Open,212,109.0,Pending
TKT-001741,1261-FWTTE,Technical Support,Low,Phone,Resolved,249,91.31,Account information updated
TKT-001742,3320-VEOYC,Internet Connectivity,Urgent,Web,Closed,250,1.43,Billing adjustment applied
TKT-001743,3320-VEOYC,Billing,High,Phone,Open,354,29.54,Pending
TKT-001744,3320-VEOYC,Equipment,Urgent,Phone,Resolved,339,4.08,Replacement equipment requested
TKT-001745,1848-LBZHY,Streaming,Medium,Chat,In Progress,325,9.71,Pending
TKT-001746,9758-MFWGD,Internet Connectivity,Low,Phone,Resolved,172,69.6,Escalated to specialist
TKT-001747,4713-LZDRV,Technical Support,High,Chat,Resolved,292,13.65,Escalated to specialist
TKT-001748,4713-LZDRV,Technical Support,High,Phone,Closed,301,35.92,Billing adjustment applied
TKT-001749,4713-LZDRV,Account Access,High,Web,In Progress,181,17.78,Pending
TKT-001750,9927-DSWDF,Account Access,Low,Email,Open,232,109.04,Pending
TKT-001751,1360-JYXKQ,Billing,Medium,Chat,Closed,191,11.18,Service configuration updated
TKT-001752,1360-JYXKQ,Billing,Medium,Phone,Open,190,18.51,Pending
TKT-001753,2955-PSXOE,Payment Issue,Medium,Web,Open,260,31.25,Pending
TKT-001754,2955-PSXOE,Service Change,Low,Phone,Resolved,94,26.43,Replacement equipment requested
TKT-001755,7354-OIJLX,Technical Support,Medium,Web,Closed,258,69.51,Customer provided troubleshooting steps
TKT-001756,7354-OIJLX,Service Change,High,Web,Closed,42,10.06,Payment method updated
TKT-001757,7354-OIJLX,Billing,Medium,Chat,Resolved,59,45.96,Payment method updated
TKT-001758,7191-ADRGF,Streaming,Low,Chat,Closed,303,48.09,Issue resolved remotely
TKT-001759,7191-ADRGF,Internet Connectivity,Low,Web,Resolved,351,48.0,Account information updated
TKT-001760,5018-LXQQG,Equipment,Medium,Phone,Closed,359,21.39,Issue resolved remotely
TKT-001761,8314-HTWVE,Internet Connectivity,Medium,Web,Resolved,329,32.36,Billing adjustment applied
TKT-001762,9402-ROUMJ,Service Change,Low,Phone,Closed,330,119.31,Billing adjustment applied
TKT-001763,7159-NOKYQ,Billing,Low,Phone,Resolved,134,20.55,Issue resolved remotely
TKT-001764,8779-YIQQA,Internet Connectivity,Medium,Phone,Closed,331,17.38,Billing adjustment applied
TKT-001765,3705-PSNGL,Internet Connectivity,Medium,Web,Resolved,343,60.62,Replacement equipment requested
TKT-001766,2606-RMDHZ,Internet Connectivity,Medium,Chat,Resolved,218,40.9,Replacement equipment requested
TKT-001767,2676-SSLTO,Internet Connectivity,Low,Chat,Resolved,139,110.5,Replacement equipment requested
TKT-001768,8258-GSTJK,Service Change,High,Chat,Resolved,51,9.81,Service configuration updated
TKT-001769,8258-GSTJK,Account Access,High,Chat,Resolved,211,20.88,Payment method updated
TKT-001770,8258-GSTJK,Technical Support,Urgent,Web,In Progress,322,8.21,Pending
TKT-001771,8258-GSTJK,Billing,Urgent,Web,Closed,19,5.27,Billing adjustment applied
TKT-001772,8258-GSTJK,Service Change,Urgent,Email,Closed,118,8.36,Payment method updated
TKT-001773,9940-RHLFB,Account Access,High,Phone,Closed,185,13.49,Customer provided troubleshooting steps
TKT-001774,9940-RHLFB,Streaming,High,Web,Resolved,345,31.77,Payment method updated
TKT-001775,9070-BCKQP,Equipment,Medium,Phone,In Progress,111,49.99,Pending
TKT-001776,9070-BCKQP,Internet Connectivity,Low,Phone,In Progress,70,103.37,Pending
TKT-001777,9070-BCKQP,Payment Issue,Low,Chat,Closed,364,96.4,Payment method updated
TKT-001778,6421-SZVEM,Technical Support,Low,Web,Resolved,219,61.96,Issue resolved remotely
TKT-001779,2995-UPRYS,Account Access,Low,Web,Open,267,105.93,Pending
TKT-001780,2995-UPRYS,Internet Connectivity,Low,Email,Resolved,19,71.17,Issue resolved remotely
TKT-001781,9633-DENPU,Internet Connectivity,Low,Web,Open,364,87.62,Pending
TKT-001782,8541-QVFKM,Equipment,Medium,Phone,Closed,82,66.13,Account information updated
TKT-001783,8541-QVFKM,Payment Issue,High,Chat,Resolved,25,17.58,Service configuration updated
TKT-001784,6374-AFWOX,Internet Connectivity,Low,Phone,Closed,58,45.48,Customer provided troubleshooting steps
TKT-001785,6374-AFWOX,Payment Issue,Medium,Chat,Open,357,50.8,Pending
TKT-001786,6374-AFWOX,Service Change,Medium,Phone,Resolved,78,35.48,Service configuration updated
TKT-001787,6034-YMTOB,Billing,Low,Phone,Closed,161,93.49,Service configuration updated
TKT-001788,4353-HYOJD,Internet Connectivity,Low,Phone,Resolved,320,36.45,Replacement equipment requested
TKT-001789,6892-XPFPU,Billing,Medium,Email,Resolved,279,41.92,Issue resolved remotely
TKT-001790,6892-XPFPU,Account Access,High,Phone,Resolved,7,14.32,Replacement equipment requested
TKT-001791,5204-HMGYF,Internet Connectivity,Low,Chat,Resolved,309,84.27,Customer provided troubleshooting steps
TKT-001792,5204-HMGYF,Payment Issue,Low,Phone,Resolved,176,94.49,Billing adjustment applied
TKT-001793,3970-XGJDU,Service Change,Low,Chat,Resolved,259,67.99,Service configuration updated
TKT-001794,7017-VFULY,Equipment,Medium,Email,Resolved,40,39.12,Escalated to specialist
TKT-001795,2252-JHJGE,Service Change,Low,Web,Open,24,47.11,Pending
TKT-001796,2252-JHJGE,Payment Issue,Low,Phone,Closed,321,31.62,Payment method updated
TKT-001797,6000-APYLU,Billing,Medium,Web,In Progress,33,25.08,Pending
TKT-001798,6000-APYLU,Equipment,High,Chat,Closed,282,33.23,Issue resolved remotely
TKT-001799,2480-SQIOB,Account Access,Medium,Web,Resolved,301,40.84,Account information updated
TKT-001800,2480-SQIOB,Internet Connectivity,Low,Phone,In Progress,76,108.38,Pending
TKT-001801,3672-YITQD,Internet Connectivity,Medium,Chat,Resolved,292,68.92,Service configuration updated
TKT-001802,3672-YITQD,Streaming,High,Web,Closed,265,15.25,Service configuration updated
TKT-001803,9048-JVYVF,Internet Connectivity,Medium,Chat,Open,198,8.22,Pending
TKT-001804,9048-JVYVF,Technical Support,Medium,Phone,Closed,67,47.69,Issue resolved remotely
TKT-001805,9048-JVYVF,Account Access,High,Email,Resolved,278,16.73,Billing adjustment applied
TKT-001806,5727-MYATE,Billing,Medium,Web,Open,47,46.33,Pending
TKT-001807,5727-MYATE,Payment Issue,Low,Phone,In Progress,256,53.39,Pending
TKT-001808,5727-MYATE,Streaming,Low,Web,Resolved,110,42.08,Billing adjustment applied
TKT-001809,8988-ECPJR,Account Access,Medium,Chat,Resolved,119,62.49,Escalated to specialist
TKT-001810,8988-ECPJR,Equipment,Low,Chat,Closed,202,84.1,Account information updated
TKT-001811,1902-XBTFB,Technical Support,High,Chat,Closed,347,10.1,Account information updated
TKT-001812,1902-XBTFB,Internet Connectivity,Medium,Chat,Closed,29,58.47,Account information updated
TKT-001813,1902-XBTFB,Account Access,Medium,Email,Resolved,140,65.32,Replacement equipment requested
TKT-001814,1902-XBTFB,Streaming,Medium,Web,Closed,235,23.35,Payment method updated
TKT-001815,8591-TKMZH,Internet Connectivity,Low,Web,In Progress,213,59.33,Pending
TKT-001816,0365-TRTPY,Technical Support,Low,Chat,Closed,276,93.68,Replacement equipment requested
TKT-001817,0365-TRTPY,Billing,Medium,Web,In Progress,146,56.24,Pending
TKT-001818,9381-NDKME,Internet Connectivity,Low,Phone,Closed,318,47.88,Service configuration updated
TKT-001819,3511-BFTJW,Internet Connectivity,Medium,Phone,Resolved,364,12.73,Customer provided troubleshooting steps
TKT-001820,3511-BFTJW,Technical Support,Low,Web,Closed,77,60.74,Customer provided troubleshooting steps
TKT-001821,2923-ARZLG,Internet Connectivity,Low,Phone,Open,230,84.01,Pending
TKT-001822,3976-NLDEZ,Internet Connectivity,Medium,Phone,Resolved,138,11.82,Account information updated
TKT-001823,3976-NLDEZ,Technical Support,Medium,Web,Resolved,224,12.8,Billing adjustment applied
TKT-001824,3976-NLDEZ,Streaming,Low,Phone,In Progress,146,94.48,Pending
TKT-001825,6854-EXGSF,Streaming,Low,Phone,Closed,183,17.83,Payment method updated
TKT-001826,3858-XHYJO,Streaming,Low,Phone,In Progress,128,46.86,Pending
TKT-001827,3858-XHYJO,Billing,Low,Email,Resolved,80,49.23,Payment method updated
TKT-001828,3858-XHYJO,Technical Support,Low,Chat,Resolved,50,46.39,Customer provided troubleshooting steps
TKT-001829,3338-CVVEH,Technical Support,High,Web,Closed,124,29.73,Issue resolved remotely
TKT-001830,3338-CVVEH,Streaming,Medium,Chat,In Progress,159,32.48,Pending
TKT-001831,3338-CVVEH,Technical Support,High,Phone,Resolved,78,18.04,Issue resolved remotely
TKT-001832,4560-WQAQW,Account Access,Low,Web,Closed,178,24.58,Service configuration updated
TKT-001833,4560-WQAQW,Payment Issue,Low,Phone,Closed,75,30.18,Payment method updated
TKT-001834,4560-WQAQW,Streaming,Low,Chat,Resolved,262,51.45,Customer provided troubleshooting steps
TKT-001835,2885-HIJDH,Account Access,Medium,Email,Resolved,67,33.12,Customer provided troubleshooting steps
TKT-001836,6682-QJDGB,Equipment,Low,Email,Resolved,61,79.88,Account information updated
TKT-001837,6682-QJDGB,Internet Connectivity,Low,Web,Resolved,290,43.62,Customer provided troubleshooting steps
TKT-001838,6682-QJDGB,Technical Support,Low,Web,Resolved,239,105.48,Issue resolved remotely
TKT-001839,0997-YTLNY,Internet Connectivity,Low,Chat,Resolved,70,81.68,Service configuration updated
TKT-001840,8821-XNHVZ,Billing,Medium,Web,Open,73,55.0,Pending
TKT-001841,8821-XNHVZ,Internet Connectivity,High,Web,Resolved,120,6.29,Replacement equipment requested
TKT-001842,8821-XNHVZ,Internet Connectivity,Medium,Phone,Closed,257,71.86,Escalated to specialist
TKT-001843,9700-ISPUP,Internet Connectivity,Medium,Email,Open,12,19.29,Pending
TKT-001844,9700-ISPUP,Internet Connectivity,Medium,Web,Closed,265,56.05,Payment method updated
TKT-001845,8053-WWDRO,Payment Issue,Low,Email,Resolved,20,53.92,Customer provided troubleshooting steps
TKT-001846,8053-WWDRO,Billing,Low,Phone,Closed,74,15.95,Service configuration updated
TKT-001847,1470-PSXNM,Payment Issue,Medium,Phone,Closed,108,53.78,Account information updated
TKT-001848,1470-PSXNM,Billing,Medium,Chat,Open,338,54.03,Pending
TKT-001849,9866-OCCKE,Billing,Low,Phone,Closed,120,68.01,Service configuration updated
TKT-001850,6283-GITPX,Internet Connectivity,Low,Phone,Closed,149,107.99,Payment method updated
TKT-001851,6283-GITPX,Internet Connectivity,Low,Chat,Resolved,239,80.16,Escalated to specialist
TKT-001852,4724-WXVWF,Technical Support,Low,Phone,In Progress,101,82.64,Pending
TKT-001853,5701-GUXDC,Billing,Low,Phone,In Progress,204,39.67,Pending
TKT-001854,4919-IKATY,Payment Issue,High,Chat,Closed,180,20.63,Escalated to specialist
TKT-001855,4919-IKATY,Account Access,Medium,Phone,Resolved,141,58.98,Customer provided troubleshooting steps
TKT-001856,9050-QLROH,Service Change,High,Phone,Resolved,279,14.98,Payment method updated
TKT-001857,9050-QLROH,Streaming,High,Web,Closed,53,27.12,Replacement equipment requested
TKT-001858,9860-LISIZ,Internet Connectivity,Low,Email,Resolved,235,66.02,Service configuration updated
TKT-001859,6284-KMNUF,Internet Connectivity,Low,Email,Closed,129,38.57,Replacement equipment requested
TKT-001860,6284-KMNUF,Streaming,Medium,Phone,Resolved,35,60.64,Service configuration updated
TKT-001861,6284-KMNUF,Equipment,Medium,Chat,Resolved,172,34.73,Service configuration updated
TKT-001862,9465-RWMXL,Billing,High,Phone,Open,153,26.53,Pending
TKT-001863,9465-RWMXL,Billing,Medium,Web,Closed,223,37.36,Payment method updated
TKT-001864,9701-CDXHR,Service Change,Low,Phone,Resolved,119,27.47,Issue resolved remotely
TKT-001865,5376-DEQCP,Internet Connectivity,Medium,Chat,In Progress,145,68.39,Pending
TKT-001866,5376-DEQCP,Service Change,High,Phone,Resolved,313,34.61,Escalated to specialist
TKT-001867,5376-DEQCP,Internet Connectivity,High,Web,In Progress,54,34.07,Pending
TKT-001868,4067-HLYQI,Service Change,Medium,Chat,In Progress,60,56.9,Pending
TKT-001869,5057-RKGLH,Billing,Low,Phone,In Progress,227,106.88,Pending
TKT-001870,5057-RKGLH,Technical Support,Low,Phone,Resolved,5,82.8,Account information updated
TKT-001871,5057-RKGLH,Technical Support,Medium,Phone,Resolved,4,51.18,Payment method updated
TKT-001872,9715-WZCLW,Equipment,Low,Email,Resolved,185,56.76,Payment method updated
TKT-001873,3733-UOCWF,Internet Connectivity,Low,Web,In Progress,293,36.16,Pending
TKT-001874,1310-QRITU,Internet Connectivity,Medium,Phone,Closed,38,39.32,Issue resolved remotely
TKT-001875,3563-SVYLG,Technical Support,Low,Web,Resolved,314,22.99,Escalated to specialist
TKT-001876,5228-EXCET,Payment Issue,Medium,Phone,In Progress,239,22.96,Pending
TKT-001877,5228-EXCET,Equipment,High,Chat,Resolved,142,17.71,Customer provided troubleshooting steps
TKT-001878,5228-EXCET,Streaming,Medium,Email,Closed,78,42.01,Issue resolved remotely
TKT-001879,6331-LWDTQ,Account Access,Medium,Email,Closed,286,42.71,Customer provided troubleshooting steps
TKT-001880,7879-CGSFV,Equipment,Low,Phone,In Progress,237,32.49,Pending
TKT-001881,1833-TCXKK,Equipment,Medium,Chat,In Progress,9,57.63,Pending
TKT-001882,5696-CEIQJ,Account Access,Low,Web,In Progress,268,93.34,Pending
TKT-001883,4012-YCFAI,Technical Support,Medium,Phone,Open,70,22.3,Pending
TKT-001884,9289-LBQVU,Billing,Low,Chat,Resolved,121,54.81,Replacement equipment requested
TKT-001885,6933-FHBZC,Service Change,Low,Chat,In Progress,225,85.8,Pending
TKT-001886,6933-FHBZC,Payment Issue,Medium,Chat,Closed,341,66.33,Escalated to specialist
TKT-001887,6933-FHBZC,Billing,Low,Phone,In Progress,153,64.18,Pending
TKT-001888,6726-NNFWD,Internet Connectivity,Low,Email,Resolved,109,60.44,Escalated to specialist
TKT-001889,4419-UJMUS,Equipment,Low,Chat,Closed,27,22.44,Service configuration updated
TKT-001890,5519-TEEUH,Technical Support,Low,Chat,Closed,168,36.41,Payment method updated
TKT-001891,4631-OACRM,Internet Connectivity,High,Chat,Resolved,319,12.92,Payment method updated
TKT-001892,4631-OACRM,Equipment,High,Web,Closed,341,11.29,Escalated to specialist
TKT-001893,5753-QQWPW,Payment Issue,Low,Web,Closed,314,20.55,Customer provided troubleshooting steps
TKT-001894,1809-DMJHQ,Payment Issue,Low,Phone,Open,276,91.17,Pending
TKT-001895,1809-DMJHQ,Internet Connectivity,Low,Web,Open,136,82.58,Pending
TKT-001896,3173-NVMPX,Streaming,Medium,Chat,Closed,300,59.85,Issue resolved remotely
TKT-001897,2892-GESUL,Service Change,Low,Email,Resolved,308,12.01,Customer provided troubleshooting steps
TKT-001898,8034-RYTVV,Technical Support,Medium,Email,Resolved,23,33.01,Payment method updated
TKT-001899,1716-LSAMB,Internet Connectivity,Low,Phone,Open,148,74.31,Pending
TKT-001900,9279-CJEOJ,Service Change,High,Chat,Closed,344,10.58,Issue resolved remotely
TKT-001901,9279-CJEOJ,Internet Connectivity,High,Chat,Resolved,352,14.48,Service configuration updated
TKT-001902,0778-NELLA,Internet Connectivity,Medium,Email,Resolved,252,50.63,Customer provided troubleshooting steps
TKT-001903,0778-NELLA,Internet Connectivity,High,Chat,Open,262,9.77,Pending
TKT-001904,9611-CTWIH,Technical Support,High,Email,Resolved,86,21.35,Billing adjustment applied
TKT-001905,9611-CTWIH,Equipment,Urgent,Web,Resolved,11,7.0,Issue resolved remotely
TKT-001906,9611-CTWIH,Technical Support,Urgent,Phone,Closed,147,5.3,Issue resolved remotely
TKT-001907,8457-XIGKN,Technical Support,Low,Email,Resolved,339,20.91,Payment method updated
TKT-001908,1346-PJWTK,Account Access,Low,Phone,In Progress,324,113.53,Pending
TKT-001909,9107-UKCKY,Internet Connectivity,Low,Email,Resolved,360,85.36,Payment method updated
TKT-001910,4654-ULTTN,Service Change,Low,Web,Resolved,259,117.77,Payment method updated
TKT-001911,4654-ULTTN,Internet Connectivity,Low,Phone,In Progress,35,93.11,Pending
TKT-001912,4654-ULTTN,Service Change,Low,Web,Open,147,95.23,Pending
TKT-001913,5271-YNWVR,Equipment,Medium,Chat,Resolved,274,69.24,Replacement equipment requested
TKT-001914,4667-OHGKG,Service Change,Low,Email,Closed,54,28.97,Escalated to specialist
TKT-001915,1707-HABPF,Payment Issue,Low,Phone,Closed,74,85.85,Account information updated
TKT-001916,5063-IUOKK,Billing,Low,Chat,In Progress,41,63.5,Pending
TKT-001917,2308-STERM,Streaming,Low,Chat,Closed,120,113.49,Service configuration updated
TKT-001918,6284-AHOOQ,Technical Support,Medium,Chat,In Progress,258,54.64,Pending
TKT-001919,6284-AHOOQ,Streaming,Medium,Chat,Open,252,58.37,Pending
TKT-001920,2877-VDUER,Technical Support,Low,Phone,Resolved,221,56.85,Billing adjustment applied
TKT-001921,1320-HTRDR,Billing,Medium,Web,In Progress,74,56.69,Pending
TKT-001922,1320-HTRDR,Billing,High,Web,In Progress,63,27.37,Pending
TKT-001923,1320-HTRDR,Streaming,Medium,Phone,Closed,239,52.9,Service configuration updated
TKT-001924,3913-FCUUW,Technical Support,Low,Web,Closed,126,41.59,Escalated to specialist
TKT-001925,3301-VKTGC,Internet Connectivity,Low,Phone,Resolved,151,82.81,Issue resolved remotely
TKT-001926,3301-VKTGC,Internet Connectivity,Low,Phone,Closed,356,27.42,Issue resolved remotely
TKT-001927,3301-VKTGC,Billing,Low,Phone,Closed,49,81.2,Customer provided troubleshooting steps
TKT-001928,1493-AMTIE,Account Access,Medium,Web,In Progress,26,52.27,Pending
TKT-001929,0816-TSPHQ,Payment Issue,Low,Chat,Resolved,91,84.37,Replacement equipment requested
TKT-001930,0816-TSPHQ,Technical Support,Medium,Phone,In Progress,334,24.25,Pending
TKT-001931,4619-EVPHY,Internet Connectivity,Medium,Phone,Resolved,295,41.39,Billing adjustment applied
TKT-001932,4619-EVPHY,Payment Issue,Low,Phone,In Progress,79,14.72,Pending
TKT-001933,9115-YQHGA,Billing,Low,Chat,Closed,140,82.09,Payment method updated
TKT-001934,9115-YQHGA,Equipment,Low,Email,In Progress,15,119.38,Pending
TKT-001935,9115-YQHGA,Internet Connectivity,Medium,Chat,Resolved,295,18.93,Escalated to specialist
TKT-001936,9334-GWGOW,Technical Support,Urgent,Email,Open,358,5.47,Pending
TKT-001937,9334-GWGOW,Internet Connectivity,Urgent,Web,In Progress,205,11.21,Pending
TKT-001938,9334-GWGOW,Payment Issue,High,Web,In Progress,224,30.15,Pending
TKT-001939,6821-BUXUX,Technical Support,High,Phone,Resolved,41,14.43,Issue resolved remotely
TKT-001940,6821-BUXUX,Account Access,Medium,Phone,Resolved,87,9.81,Replacement equipment requested
TKT-001941,6542-LWGXJ,Billing,Low,Web,Open,228,22.82,Pending
TKT-001942,2087-QAREY,Technical Support,Low,Phone,Resolved,179,96.2,Replacement equipment requested
TKT-001943,2087-QAREY,Payment Issue,Low,Phone,Resolved,71,12.28,Payment method updated
TKT-001944,2320-TZRRH,Service Change,Medium,Web,Open,95,67.67,Pending
TKT-001945,9752-ZNQUT,Billing,Low,Phone,Resolved,108,111.43,Escalated to specialist
TKT-001946,9752-ZNQUT,Streaming,Low,Chat,Closed,168,40.68,Issue resolved remotely
TKT-001947,5666-MBJPT,Technical Support,Medium,Phone,Closed,336,20.31,Service configuration updated
TKT-001948,4396-KLSEH,Billing,Medium,Chat,Resolved,160,18.24,Account information updated
TKT-001949,3244-DCJWY,Billing,Medium,Phone,Resolved,105,25.35,Customer provided troubleshooting steps
TKT-001950,3244-DCJWY,Billing,High,Web,In Progress,86,22.13,Pending
TKT-001951,3244-DCJWY,Technical Support,High,Phone,In Progress,173,17.67,Pending
TKT-001952,1217-VASWC,Billing,Medium,Email,Closed,361,23.76,Customer provided troubleshooting steps
TKT-001953,1217-VASWC,Streaming,Medium,Phone,Open,309,44.32,Pending
TKT-001954,6370-ZVHDV,Equipment,Low,Chat,In Progress,240,40.65,Pending
TKT-001955,4983-CCWMC,Internet Connectivity,Medium,Phone,Closed,269,57.6,Issue resolved remotely
TKT-001956,4983-CCWMC,Internet Connectivity,Medium,Phone,Closed,197,28.07,Replacement equipment requested
TKT-001957,4983-CCWMC,Billing,High,Email,Resolved,220,31.17,Escalated to specialist
TKT-001958,2522-WLNSF,Internet Connectivity,Medium,Chat,Resolved,175,25.77,Account information updated
TKT-001959,5619-XZZKR,Account Access,Low,Web,In Progress,52,49.8,Pending
TKT-001960,3948-FVVRP,Service Change,Medium,Phone,Closed,43,56.97,Escalated to specialist
TKT-001961,0983-TATYJ,Internet Connectivity,Low,Phone,Resolved,359,112.13,Billing adjustment applied
TKT-001962,0983-TATYJ,Internet Connectivity,Medium,Chat,Resolved,326,48.57,Billing adjustment applied
TKT-001963,3312-ZWLGF,Equipment,Medium,Email,In Progress,161,48.62,Pending
TKT-001964,3312-ZWLGF,Billing,Medium,Web,Resolved,145,38.31,Service configuration updated
TKT-001965,5196-SGOAK,Streaming,Medium,Phone,Resolved,159,30.27,Account information updated
TKT-001966,5196-SGOAK,Service Change,Medium,Chat,Resolved,99,38.41,Service configuration updated
TKT-001967,5196-SGOAK,Internet Connectivity,High,Chat,In Progress,350,8.13,Pending
TKT-001968,6297-NOOPG,Technical Support,Medium,Phone,Resolved,138,69.94,Payment method updated
TKT-001969,0363-QJVFX,Internet Connectivity,Medium,Chat,Closed,322,54.84,Payment method updated
TKT-001970,0363-QJVFX,Account Access,Low,Web,Open,260,54.66,Pending
TKT-001971,8903-XEBGX,Equipment,Medium,Chat,Open,299,17.56,Pending
TKT-001972,8903-XEBGX,Payment Issue,Medium,Chat,Open,325,33.24,Pending
TKT-001973,8903-XEBGX,Service Change,High,Chat,Open,269,19.17,Pending
TKT-001974,9840-DVNDC,Technical Support,Medium,Web,Closed,312,30.7,Escalated to specialist
TKT-001975,9840-DVNDC,Equipment,High,Chat,Resolved,335,19.45,Account information updated
TKT-001976,6064-ZATLR,Technical Support,Low,Chat,Resolved,223,60.92,Payment method updated
TKT-001977,9648-BCHKM,Streaming,Low,Phone,In Progress,317,60.5,Pending
TKT-001978,3374-LXDEV,Internet Connectivity,Medium,Chat,Resolved,219,14.91,Issue resolved remotely
TKT-001979,7167-PCEYD,Technical Support,Low,Phone,In Progress,148,49.92,Pending
TKT-001980,8749-CLJXC,Billing,Low,Email,Closed,304,22.39,Service configuration updated
TKT-001981,3580-GICBM,Streaming,Low,Chat,Open,146,96.1,Pending
TKT-001982,3580-GICBM,Account Access,Low,Phone,Closed,23,101.73,Customer provided troubleshooting steps
TKT-001983,3580-GICBM,Billing,Low,Phone,In Progress,292,73.16,Pending
TKT-001984,4686-UXDML,Technical Support,Medium,Web,Closed,197,30.4,Escalated to specialist
TKT-001985,4686-UXDML,Billing,High,Phone,Closed,63,25.15,Replacement equipment requested
TKT-001986,6349-JDHQP,Account Access,Low,Email,Open,7,96.42,Pending
TKT-001987,0289-IVARM,Streaming,Low,Phone,Resolved,274,64.5,Replacement equipment requested
TKT-001988,0289-IVARM,Service Change,Low,Email,In Progress,106,49.91,Pending
TKT-001989,3090-QFUVD,Technical Support,Medium,Web,Resolved,52,19.19,Issue resolved remotely
TKT-001990,3090-QFUVD,Payment Issue,Low,Phone,Open,330,89.53,Pending
TKT-001991,6711-VTNRE,Payment Issue,Medium,Chat,Resolved,243,34.58,Customer provided troubleshooting steps
TKT-001992,2805-AUFQN,Billing,Low,Chat,Open,215,114.32,Pending
TKT-001993,1169-WCVAK,Account Access,Low,Web,Resolved,303,112.86,Escalated to specialist
TKT-001994,1555-HAPSU,Account Access,Low,Phone,Resolved,184,98.3,Replacement equipment requested
TKT-001995,7854-EKTJL,Technical Support,Low,Phone,Closed,137,44.24,Customer provided troubleshooting steps
TKT-001996,8132-YPVBX,Service Change,Medium,Chat,In Progress,308,9.68,Pending
TKT-001997,8132-YPVBX,Streaming,Medium,Phone,Resolved,63,57.71,Replacement equipment requested
TKT-001998,8132-YPVBX,Technical Support,High,Chat,Closed,172,18.13,Payment method updated
TKT-001999,3422-LYEPQ,Billing,Medium,Chat,In Progress,48,26.26,Pending
TKT-002000,3422-LYEPQ,Account Access,Medium,Web,Resolved,254,71.51,Customer provided troubleshooting steps
TKT-002001,3422-LYEPQ,Internet Connectivity,High,Phone,Resolved,16,20.01,Issue resolved remotely
TKT-002002,3396-DKDEL,Internet Connectivity,Medium,Email,Resolved,1,19.74,Customer provided troubleshooting steps
TKT-002003,9112-WSNPU,Internet Connectivity,Low,Phone,Open,267,42.47,Pending
TKT-002004,9507-EXLTT,Internet Connectivity,Medium,Web,Resolved,361,61.43,Account information updated
TKT-002005,9507-EXLTT,Billing,Medium,Phone,Closed,193,24.61,Service configuration updated
TKT-002006,9507-EXLTT,Technical Support,Medium,Email,Resolved,7,65.84,Service configuration updated
TKT-002007,9507-EXLTT,Payment Issue,Medium,Web,Resolved,65,20.01,Account information updated
TKT-002008,0402-OAMEN,Account Access,Low,Web,Resolved,321,82.74,Replacement equipment requested
TKT-002009,0402-OAMEN,Internet Connectivity,Low,Chat,Resolved,317,31.41,Service configuration updated
TKT-002010,0402-OAMEN,Payment Issue,Low,Chat,Resolved,166,92.88,Replacement equipment requested
TKT-002011,9822-BIIGN,Billing,Low,Phone,In Progress,228,45.78,Pending
TKT-002012,2077-MPJQO,Billing,High,Email,Closed,20,32.17,Customer provided troubleshooting steps
TKT-002013,2077-MPJQO,Billing,Urgent,Web,Open,1,8.74,Pending
TKT-002014,2077-MPJQO,Billing,High,Phone,Closed,245,15.56,Escalated to specialist
TKT-002015,2077-MPJQO,Internet Connectivity,High,Phone,Resolved,36,24.25,Service configuration updated
TKT-002016,2077-MPJQO,Technical Support,High,Phone,Closed,219,32.57,Service configuration updated
TKT-002017,2971-SGAFL,Account Access,Medium,Email,Resolved,11,44.11,Billing adjustment applied
TKT-002018,7876-BEUTG,Billing,Medium,Email,In Progress,242,65.85,Pending
TKT-002019,8241-JUIQO,Account Access,Medium,Web,Closed,122,20.43,Replacement equipment requested
TKT-002020,8241-JUIQO,Billing,Low,Phone,Resolved,299,83.06,Service configuration updated
TKT-002021,8241-JUIQO,Service Change,Medium,Email,Closed,71,21.17,Service configuration updated
TKT-002022,4512-ZUIYL,Internet Connectivity,Medium,Web,Resolved,182,8.85,Replacement equipment requested
TKT-002023,4512-ZUIYL,Payment Issue,Medium,Phone,In Progress,349,56.66,Pending
TKT-002024,4512-ZUIYL,Billing,Medium,Chat,Open,227,50.21,Pending
TKT-002025,4512-ZUIYL,Account Access,High,Phone,In Progress,292,12.33,Pending
TKT-002026,0733-VUNUW,Technical Support,Low,Web,Resolved,359,105.61,Issue resolved remotely
TKT-002027,6777-TGHTM,Billing,Low,Phone,Open,307,28.97,Pending
TKT-002028,6777-TGHTM,Equipment,Medium,Chat,Closed,335,55.26,Replacement equipment requested
TKT-002029,8909-BOLNL,Payment Issue,Low,Web,Closed,124,21.13,Customer provided troubleshooting steps
TKT-002030,8909-BOLNL,Technical Support,Low,Phone,In Progress,21,116.76,Pending
TKT-002031,3229-USWAR,Internet Connectivity,Low,Chat,Resolved,211,14.95,Replacement equipment requested
TKT-002032,4785-QRJHC,Billing,Low,Email,Closed,300,92.21,Customer provided troubleshooting steps
TKT-002033,1709-EJDOX,Equipment,Low,Phone,Resolved,257,83.17,Issue resolved remotely
TKT-002034,1709-EJDOX,Technical Support,Low,Web,Closed,125,97.68,Escalated to specialist
TKT-002035,4905-JEFDW,Payment Issue,Low,Email,Open,11,54.25,Pending
TKT-002036,4905-JEFDW,Account Access,Low,Web,In Progress,40,85.07,Pending
TKT-002037,7054-ENNGU,Technical Support,Low,Phone,Resolved,143,98.82,Customer provided troubleshooting steps
TKT-002038,1628-BIZYP,Payment Issue,Medium,Phone,In Progress,35,33.42,Pending
TKT-002039,1628-BIZYP,Internet Connectivity,High,Chat,Resolved,45,20.85,Escalated to specialist
TKT-002040,2236-HILPA,Internet Connectivity,Medium,Phone,Resolved,143,69.5,Escalated to specialist
TKT-002041,6080-LNESI,Internet Connectivity,Low,Web,Closed,242,44.55,Billing adjustment applied
TKT-002042,1830-IPXVJ,Billing,Medium,Web,Open,13,33.86,Pending
TKT-002043,2202-CUYXZ,Streaming,Medium,Phone,Closed,50,48.43,Payment method updated
TKT-002044,2202-CUYXZ,Technical Support,High,Web,In Progress,173,29.48,Pending
TKT-002045,7395-XWZOY,Technical Support,Low,Web,Resolved,253,85.18,Billing adjustment applied
TKT-002046,5975-BAICR,Internet Connectivity,Low,Phone,In Progress,247,90.71,Pending
TKT-002047,9033-EOXWV,Billing,Low,Web,Resolved,128,93.65,Replacement equipment requested
TKT-002048,1522-VVDMG,Internet Connectivity,Medium,Phone,In Progress,315,63.84,Pending
TKT-002049,1522-VVDMG,Internet Connectivity,Medium,Email,Resolved,329,57.78,Customer provided troubleshooting steps
TKT-002050,1522-VVDMG,Equipment,Medium,Web,Resolved,109,35.27,Billing adjustment applied
TKT-002051,1522-VVDMG,Billing,High,Phone,Closed,239,11.43,Service configuration updated
TKT-002052,6733-LRIZX,Service Change,Low,Phone,Closed,104,51.8,Account information updated
TKT-002053,2325-NBPZG,Payment Issue,High,Email,In Progress,109,7.29,Pending
TKT-002054,2325-NBPZG,Technical Support,High,Chat,Resolved,9,11.16,Service configuration updated
TKT-002055,5025-GOOKI,Billing,Low,Chat,Open,314,96.83,Pending
TKT-002056,4698-KVLLG,Internet Connectivity,Medium,Web,Resolved,57,65.76,Replacement equipment requested
TKT-002057,6338-AVWCY,Equipment,Medium,Phone,Closed,56,14.18,Billing adjustment applied
TKT-002058,6338-AVWCY,Payment Issue,High,Phone,In Progress,95,8.95,Pending
TKT-002059,0057-QBUQH,Billing,Medium,Phone,Closed,146,71.54,Service configuration updated
TKT-002060,0057-QBUQH,Equipment,Low,Phone,Open,101,52.66,Pending
TKT-002061,4003-FUSHP,Payment Issue,Low,Web,In Progress,361,47.76,Pending
TKT-002062,4003-FUSHP,Billing,Medium,Web,Closed,317,34.31,Account information updated
TKT-002063,6013-BHCAW,Equipment,Low,Phone,Resolved,346,81.05,Replacement equipment requested
TKT-002064,6013-BHCAW,Technical Support,Medium,Chat,Resolved,339,41.16,Replacement equipment requested
TKT-002065,6013-BHCAW,Billing,Low,Phone,Resolved,208,62.44,Account information updated
TKT-002066,6096-EGVTU,Payment Issue,Low,Chat,Resolved,68,57.67,Issue resolved remotely
TKT-002067,5081-NWSUP,Internet Connectivity,Low,Email,Open,337,44.27,Pending
TKT-002068,8757-TFHHJ,Technical Support,Medium,Email,Closed,67,13.23,Customer provided troubleshooting steps
TKT-002069,8757-TFHHJ,Streaming,Low,Chat,Closed,223,96.87,Service configuration updated
TKT-002070,8757-TFHHJ,Streaming,Low,Chat,Resolved,209,108.43,Billing adjustment applied
TKT-002071,3063-QFSZL,Internet Connectivity,High,Phone,Closed,167,10.88,Account information updated
TKT-002072,3063-QFSZL,Billing,Medium,Phone,Closed,31,55.3,Customer provided troubleshooting steps
TKT-002073,9114-DPSIA,Internet Connectivity,Low,Chat,Closed,277,22.56,Account information updated
TKT-002074,4700-UBQMV,Payment Issue,Low,Web,In Progress,284,32.03,Pending
TKT-002075,4627-MIHJH,Technical Support,Low,Chat,In Progress,21,112.65,Pending
TKT-002076,4627-MIHJH,Technical Support,Medium,Web,Resolved,191,48.0,Escalated to specialist
TKT-002077,4627-MIHJH,Service Change,Medium,Phone,Closed,59,43.23,Customer provided troubleshooting steps
TKT-002078,7356-AYNJP,Technical Support,Low,Phone,Resolved,41,28.08,Customer provided troubleshooting steps
TKT-002079,7356-AYNJP,Billing,Low,Phone,Resolved,360,46.93,Service configuration updated
TKT-002080,7356-AYNJP,Technical Support,Low,Chat,Open,52,35.67,Pending
TKT-002081,6286-SUUWT,Internet Connectivity,Low,Phone,Resolved,36,106.02,Issue resolved remotely
TKT-002082,4819-HJPIW,Billing,Medium,Chat,In Progress,135,37.74,Pending
TKT-002083,5438-QMDDL,Internet Connectivity,Low,Email,Resolved,188,82.05,Payment method updated
TKT-002084,5438-QMDDL,Internet Connectivity,Medium,Chat,In Progress,53,41.6,Pending
TKT-002085,5438-QMDDL,Internet Connectivity,Medium,Chat,Closed,77,37.4,Escalated to specialist
TKT-002086,9812-GHVRI,Billing,Medium,Web,Resolved,144,56.51,Payment method updated
TKT-002087,9812-GHVRI,Equipment,Medium,Web,Resolved,132,48.59,Escalated to specialist
TKT-002088,4226-KKDON,Account Access,Medium,Web,Closed,282,63.02,Escalated to specialist
TKT-002089,3831-YCPUO,Internet Connectivity,Low,Web,Resolved,202,22.05,Escalated to specialist
TKT-002090,7337-CINUD,Equipment,Medium,Phone,Resolved,20,37.19,Payment method updated
TKT-002091,0871-URUWO,Internet Connectivity,Medium,Chat,Resolved,8,32.15,Replacement equipment requested
TKT-002092,0871-URUWO,Internet Connectivity,Medium,Web,Closed,116,41.46,Service configuration updated
TKT-002093,6198-PNNSZ,Technical Support,Low,Phone,Closed,115,55.19,Service configuration updated
TKT-002094,6198-PNNSZ,Streaming,Low,Chat,Open,187,72.58,Pending
TKT-002095,3896-RCYYE,Internet Connectivity,Low,Email,Resolved,247,80.85,Billing adjustment applied
TKT-002096,9638-JIQYA,Account Access,Medium,Phone,Resolved,115,28.27,Service configuration updated
TKT-002097,9638-JIQYA,Payment Issue,Medium,Web,Resolved,148,10.3,Issue resolved remotely
TKT-002098,0870-VEMYL,Account Access,Medium,Chat,Open,339,50.85,Pending
TKT-002099,0178-CIIKR,Streaming,Low,Phone,Closed,4,119.63,Account information updated
TKT-002100,3982-XWFZQ,Internet Connectivity,Medium,Chat,Open,47,50.15,Pending
TKT-002101,3982-XWFZQ,Technical Support,Low,Phone,In Progress,361,102.73,Pending
TKT-002102,3982-XWFZQ,Payment Issue,Medium,Web,Closed,40,40.54,Service configuration updated
TKT-002103,5774-QPLTF,Account Access,Low,Chat,Resolved,137,94.23,Issue resolved remotely
TKT-002104,6383-ZTSIW,Equipment,Low,Web,Resolved,220,51.06,Billing adjustment applied
TKT-002105,3069-SSVSN,Technical Support,Medium,Web,Resolved,75,36.96,Account information updated
TKT-002106,6776-TLWOI,Technical Support,Low,Phone,In Progress,130,101.35,Pending
TKT-002107,6776-TLWOI,Billing,Medium,Web,Resolved,169,65.36,Escalated to specialist
TKT-002108,5857-XRECV,Internet Connectivity,Low,Chat,In Progress,33,87.01,Pending
TKT-002109,0725-CXOTM,Technical Support,Low,Web,Resolved,207,109.19,Escalated to specialist
TKT-002110,8650-RHRKE,Billing,High,Email,Closed,229,9.46,Payment method updated
TKT-002111,8650-RHRKE,Payment Issue,Medium,Web,Resolved,172,29.35,Service configuration updated
TKT-002112,8650-RHRKE,Service Change,High,Phone,Resolved,34,17.17,Escalated to specialist
TKT-002113,4377-VDHYI,Technical Support,Low,Phone,Resolved,63,23.06,Account information updated
TKT-002114,6328-ZPBGN,Account Access,Medium,Phone,Resolved,1,56.35,Escalated to specialist
TKT-002115,6328-ZPBGN,Technical Support,Medium,Chat,Closed,5,33.47,Service configuration updated
TKT-002116,6328-ZPBGN,Internet Connectivity,High,Chat,Resolved,342,22.63,Service configuration updated
TKT-002117,6328-ZPBGN,Technical Support,High,Email,Resolved,178,26.16,Billing adjustment applied
TKT-002118,4937-QPZPO,Payment Issue,Low,Phone,Closed,6,97.47,Issue resolved remotely
TKT-002119,4937-QPZPO,Payment Issue,Low,Web,Closed,79,97.12,Escalated to specialist
TKT-002120,2925-VDZHY,Equipment,Medium,Phone,Resolved,83,56.12,Payment method updated
TKT-002121,2925-VDZHY,Internet Connectivity,Medium,Email,In Progress,137,61.8,Pending
TKT-002122,2925-VDZHY,Streaming,Low,Phone,Closed,87,100.55,Account information updated
TKT-002123,3413-CSSTH,Billing,Low,Chat,In Progress,58,113.92,Pending
TKT-002124,8033-VCZGH,Equipment,Medium,Chat,In Progress,114,70.54,Pending
TKT-002125,8033-VCZGH,Technical Support,Low,Chat,Closed,235,90.37,Customer provided troubleshooting steps
TKT-002126,8033-VCZGH,Billing,Medium,Web,Resolved,267,25.59,Customer provided troubleshooting steps
TKT-002127,2867-UIMSS,Internet Connectivity,High,Chat,Resolved,114,11.74,Replacement equipment requested
TKT-002128,2867-UIMSS,Billing,High,Email,Closed,336,24.28,Escalated to specialist
TKT-002129,8495-PRWFH,Technical Support,Medium,Chat,Closed,209,32.18,Payment method updated
TKT-002130,8495-PRWFH,Internet Connectivity,Low,Chat,Closed,31,88.85,Customer provided troubleshooting steps
TKT-002131,2279-AXJJK,Account Access,Low,Chat,Resolved,189,93.34,Replacement equipment requested
TKT-002132,6769-DYBQN,Service Change,Low,Web,Resolved,226,110.5,Replacement equipment requested
TKT-002133,0909-SELIE,Equipment,Low,Chat,Resolved,273,105.19,Replacement equipment requested
TKT-002134,6434-TTGJP,Internet Connectivity,Medium,Web,Closed,53,27.42,Issue resolved remotely
TKT-002135,6434-TTGJP,Equipment,Medium,Web,Closed,67,41.13,Issue resolved remotely
TKT-002136,9962-BFPDU,Billing,Low,Phone,In Progress,144,53.22,Pending
TKT-002137,0665-XHDJU,Account Access,Medium,Chat,Closed,204,54.03,Replacement equipment requested
TKT-002138,5331-RGMTT,Technical Support,Medium,Web,Resolved,362,30.73,Billing adjustment applied
TKT-002139,5331-RGMTT,Technical Support,Medium,Phone,Resolved,252,32.08,Billing adjustment applied
TKT-002140,4759-PXTAN,Internet Connectivity,Low,Web,Open,107,65.42,Pending
TKT-002141,4759-PXTAN,Account Access,Medium,Phone,Resolved,227,58.78,Payment method updated
TKT-002142,9374-YOLBJ,Equipment,Low,Phone,Open,174,119.08,Pending
TKT-002143,8409-WQJUX,Internet Connectivity,Medium,Web,In Progress,56,70.01,Pending
TKT-002144,8409-WQJUX,Technical Support,Low,Web,In Progress,34,104.73,Pending
TKT-002145,9746-UGFAC,Service Change,Low,Phone,Resolved,97,71.05,Payment method updated
TKT-002146,0625-AFOHS,Streaming,Low,Email,Resolved,148,105.43,Billing adjustment applied
TKT-002147,4342-HENTK,Payment Issue,High,Web,Closed,167,35.18,Service configuration updated
TKT-002148,4342-HENTK,Internet Connectivity,High,Phone,Resolved,344,29.36,Replacement equipment requested
TKT-002149,4342-HENTK,Technical Support,High,Email,Resolved,285,29.7,Replacement equipment requested
TKT-002150,4342-HENTK,Internet Connectivity,Medium,Phone,Closed,341,57.94,Payment method updated
TKT-002151,2985-FMWYF,Equipment,High,Web,Closed,186,31.13,Service configuration updated
TKT-002152,2985-FMWYF,Service Change,Medium,Web,Resolved,220,42.79,Account information updated
TKT-002153,2985-FMWYF,Payment Issue,High,Chat,In Progress,198,11.27,Pending
TKT-002154,0327-WFZSY,Technical Support,Medium,Phone,Resolved,30,61.63,Payment method updated
TKT-002155,3967-VQOGC,Internet Connectivity,Medium,Phone,In Progress,74,55.23,Pending
TKT-002156,2754-XBHTB,Billing,High,Email,Closed,185,28.88,Escalated to specialist
TKT-002157,2754-XBHTB,Internet Connectivity,Medium,Web,Closed,208,66.61,Service configuration updated
TKT-002158,2754-XBHTB,Equipment,High,Phone,Closed,302,34.9,Account information updated
TKT-002159,5442-BHQNG,Internet Connectivity,High,Phone,Resolved,337,14.37,Billing adjustment applied
TKT-002160,5442-BHQNG,Internet Connectivity,High,Chat,Resolved,357,17.68,Issue resolved remotely
TKT-002161,2169-RRLFW,Equipment,Medium,Email,Resolved,279,28.85,Issue resolved remotely
TKT-002162,8873-GLDMH,Internet Connectivity,High,Chat,In Progress,218,10.31,Pending
TKT-002163,8873-GLDMH,Technical Support,High,Chat,Resolved,348,5.81,Issue resolved remotely
TKT-002164,8873-GLDMH,Billing,High,Phone,In Progress,115,22.69,Pending
TKT-002165,5696-JVVQY,Billing,Low,Phone,Closed,359,13.64,Replacement equipment requested
TKT-002166,8752-STIVR,Streaming,Medium,Web,Resolved,263,42.61,Account information updated
TKT-002167,8752-STIVR,Account Access,Medium,Chat,Open,336,61.27,Pending
TKT-002168,8752-STIVR,Equipment,High,Email,Resolved,344,32.24,Account information updated
TKT-002169,8752-STIVR,Streaming,Medium,Chat,Closed,219,48.74,Customer provided troubleshooting steps
TKT-002170,5022-JNQEQ,Technical Support,Low,Chat,Closed,364,28.93,Service configuration updated
TKT-002171,1929-ZCBHE,Billing,Low,Email,Resolved,179,76.63,Payment method updated
TKT-002172,4378-MYPGO,Technical Support,Medium,Web,In Progress,285,43.9,Pending
TKT-002173,4378-MYPGO,Streaming,Low,Phone,Resolved,135,62.93,Escalated to specialist
TKT-002174,7623-TRNQN,Streaming,Low,Phone,Resolved,254,99.39,Customer provided troubleshooting steps
TKT-002175,9286-DOJGF,Streaming,Low,Chat,Resolved,362,69.23,Service configuration updated
TKT-002176,6048-QBXKL,Service Change,Medium,Web,Resolved,268,28.11,Replacement equipment requested
TKT-002177,9661-MHUMO,Streaming,Low,Chat,In Progress,313,15.68,Pending
TKT-002178,1936-UAFEH,Billing,Low,Phone,Closed,337,76.83,Payment method updated
TKT-002179,3587-PMCOY,Technical Support,Low,Web,Resolved,228,107.72,Issue resolved remotely
TKT-002180,6856-RAURS,Equipment,Medium,Web,Closed,322,67.7,Issue resolved remotely
TKT-002181,6856-RAURS,Payment Issue,Medium,Phone,Closed,127,18.17,Payment method updated
TKT-002182,6856-RAURS,Internet Connectivity,High,Phone,Resolved,185,32.01,Account information updated
TKT-002183,6856-RAURS,Equipment,High,Chat,Closed,325,33.62,Billing adjustment applied
TKT-002184,8778-LMWTJ,Internet Connectivity,Medium,Chat,In Progress,51,39.43,Pending
TKT-002185,8778-LMWTJ,Technical Support,Medium,Phone,Closed,354,49.05,Issue resolved remotely
TKT-002186,8884-ADFVN,Technical Support,High,Chat,Open,246,18.25,Pending
TKT-002187,8884-ADFVN,Equipment,Urgent,Chat,In Progress,254,3.13,Pending
TKT-002188,8884-ADFVN,Payment Issue,High,Email,In Progress,128,33.74,Pending
TKT-002189,6734-FQAJX,Internet Connectivity,Low,Chat,Resolved,20,12.14,Billing adjustment applied
TKT-002190,6734-FQAJX,Billing,Medium,Web,Open,290,55.43,Pending
TKT-002191,7851-FLGGQ,Internet Connectivity,High,Web,Resolved,91,10.88,Escalated to specialist
TKT-002192,7851-FLGGQ,Technical Support,Medium,Web,In Progress,96,29.69,Pending
TKT-002193,2335-GSODA,Payment Issue,Medium,Chat,Open,298,52.69,Pending
TKT-002194,2335-GSODA,Internet Connectivity,Low,Chat,In Progress,44,30.33,Pending
TKT-002195,1952-DVVSW,Internet Connectivity,Low,Chat,Closed,2,97.75,Replacement equipment requested
TKT-002196,1963-VAUKV,Billing,Low,Phone,Closed,226,40.83,Billing adjustment applied
TKT-002197,1963-VAUKV,Account Access,Low,Chat,Resolved,362,39.25,Replacement equipment requested
TKT-002198,1963-VAUKV,Payment Issue,Low,Phone,In Progress,227,113.09,Pending
TKT-002199,3466-RITXD,Billing,Low,Web,Open,22,60.65,Pending
TKT-002200,2101-RANCD,Billing,Medium,Chat,Closed,78,25.53,Account information updated
TKT-002201,2101-RANCD,Technical Support,Medium,Chat,In Progress,303,13.97,Pending
TKT-002202,6519-ZHPXP,Service Change,Medium,Phone,Closed,158,71.94,Replacement equipment requested
TKT-002203,6519-ZHPXP,Internet Connectivity,Low,Phone,Closed,189,64.72,Escalated to specialist
TKT-002204,9610-WCESF,Service Change,Low,Phone,Closed,233,111.79,Replacement equipment requested
TKT-002205,9610-WCESF,Streaming,Medium,Chat,Resolved,361,46.88,Service configuration updated
TKT-002206,3865-ZYKAD,Billing,Low,Phone,Resolved,109,32.89,Billing adjustment applied
TKT-002207,0480-KYJVA,Streaming,Low,Email,Closed,105,28.58,Customer provided troubleshooting steps
TKT-002208,0480-KYJVA,Internet Connectivity,Low,Phone,Resolved,339,78.25,Escalated to specialist
TKT-002209,3926-YZVVX,Streaming,Medium,Chat,Closed,93,46.43,Escalated to specialist
TKT-002210,6332-FBZRI,Billing,Low,Phone,Resolved,106,14.36,Issue resolved remotely
TKT-002211,6332-FBZRI,Internet Connectivity,Low,Chat,Resolved,199,84.77,Service configuration updated
TKT-002212,2346-LOCWC,Equipment,Low,Web,Resolved,254,119.8,Escalated to specialist
TKT-002213,6608-QQLVK,Service Change,High,Phone,Resolved,29,35.51,Billing adjustment applied
TKT-002214,6608-QQLVK,Streaming,Medium,Phone,In Progress,54,22.32,Pending
TKT-002215,6608-QQLVK,Account Access,Medium,Phone,Open,312,28.69,Pending
TKT-002216,0298-XACET,Service Change,Medium,Chat,Resolved,52,49.25,Billing adjustment applied
TKT-002217,7560-QJAVJ,Streaming,Medium,Email,Closed,95,49.89,Customer provided troubleshooting steps
TKT-002218,5339-PXDVH,Internet Connectivity,High,Chat,Closed,331,21.9,Account information updated
TKT-002219,5339-PXDVH,Streaming,High,Phone,Closed,97,27.56,Service configuration updated
TKT-002220,8782-NUUOL,Billing,Low,Phone,Resolved,160,16.87,Account information updated
TKT-002221,8782-NUUOL,Internet Connectivity,Low,Phone,Resolved,66,68.44,Service configuration updated
TKT-002222,8782-NUUOL,Streaming,Low,Phone,Closed,235,71.58,Account information updated
TKT-002223,2669-QVCRG,Technical Support,Low,Chat,Open,251,29.55,Pending
TKT-002224,2669-QVCRG,Account Access,Low,Phone,Resolved,158,81.38,Escalated to specialist
TKT-002225,2478-EEWWM,Service Change,Low,Email,In Progress,28,102.35,Pending
TKT-002226,2478-EEWWM,Equipment,Low,Phone,Resolved,304,78.06,Payment method updated
TKT-002227,2233-TXSIU,Billing,Medium,Phone,Resolved,298,49.35,Billing adjustment applied
TKT-002228,3094-JOJAI,Payment Issue,Medium,Web,Open,95,60.91,Pending
TKT-002229,9330-VOFSZ,Internet Connectivity,Low,Web,In Progress,116,114.87,Pending
TKT-002230,9389-ACWBI,Technical Support,Medium,Chat,In Progress,214,58.4,Pending
TKT-002231,5921-NGYRH,Service Change,Low,Phone,Closed,316,94.69,Service configuration updated
TKT-002232,5921-NGYRH,Equipment,Medium,Chat,Open,111,57.86,Pending
TKT-002233,5921-NGYRH,Service Change,Low,Web,Closed,53,116.91,Service configuration updated
TKT-002234,3985-HOYPM,Account Access,Low,Phone,In Progress,292,49.21,Pending
TKT-002235,3985-HOYPM,Technical Support,Low,Chat,In Progress,113,31.98,Pending
TKT-002236,9548-LERKT,Billing,Low,Phone,Closed,279,106.82,Billing adjustment applied
TKT-002237,9548-LERKT,Internet Connectivity,Low,Phone,Resolved,273,69.46,Replacement equipment requested
TKT-002238,4753-PADAS,Streaming,Low,Phone,Closed,347,92.06,Customer provided troubleshooting steps
TKT-002239,0616-ATFGB,Internet Connectivity,High,Phone,Resolved,206,23.74,Account information updated
TKT-002240,0616-ATFGB,Technical Support,High,Email,Resolved,302,15.46,Account information updated
TKT-002241,0616-ATFGB,Technical Support,High,Phone,Closed,53,15.66,Billing adjustment applied
TKT-002242,4184-VODJZ,Streaming,Medium,Email,In Progress,208,35.06,Pending
TKT-002243,4184-VODJZ,Technical Support,Low,Phone,Resolved,246,98.79,Customer provided troubleshooting steps
TKT-002244,7233-IOQNP,Technical Support,Low,Phone,Resolved,340,61.25,Replacement equipment requested
TKT-002245,2834-JKOOW,Payment Issue,Low,Phone,Closed,103,12.6,Escalated to specialist
TKT-002246,7235-NXZCP,Account Access,High,Phone,Closed,34,31.64,Payment method updated
TKT-002247,7235-NXZCP,Equipment,High,Chat,Resolved,49,32.42,Account information updated
TKT-002248,0230-UBYPQ,Technical Support,Low,Phone,Resolved,62,76.99,Account information updated
TKT-002249,0230-UBYPQ,Billing,Low,Phone,In Progress,249,91.08,Pending
TKT-002250,1444-VVSGW,Billing,Low,Email,Open,176,106.07,Pending
TKT-002251,5949-HGVJL,Billing,Medium,Email,Closed,96,30.75,Service configuration updated
TKT-002252,6661-HBGWL,Account Access,Medium,Web,Closed,133,62.29,Account information updated
TKT-002253,6661-HBGWL,Billing,Medium,Web,Closed,281,63.88,Service configuration updated
TKT-002254,8709-KRDVL,Equipment,Medium,Phone,Resolved,363,11.15,Service configuration updated
TKT-002255,8709-KRDVL,Billing,Medium,Chat,Resolved,233,18.73,Issue resolved remotely
TKT-002256,2159-TURXX,Technical Support,Low,Web,In Progress,28,86.01,Pending
TKT-002257,2188-SXWVT,Equipment,Low,Phone,Resolved,284,63.27,Customer provided troubleshooting steps
TKT-002258,6969-MVBAI,Service Change,High,Phone,In Progress,258,18.07,Pending
TKT-002259,6969-MVBAI,Billing,High,Web,In Progress,211,31.81,Pending
TKT-002260,6969-MVBAI,Account Access,High,Email,Closed,238,7.18,Payment method updated
TKT-002261,6953-PBDIN,Billing,Medium,Phone,Open,276,52.13,Pending
TKT-002262,6953-PBDIN,Account Access,Medium,Web,Closed,345,30.89,Escalated to specialist
TKT-002263,6340-DACFT,Equipment,Low,Phone,Closed,27,16.35,Issue resolved remotely
TKT-002264,4955-VCWBI,Equipment,Low,Web,Open,328,81.49,Pending
TKT-002265,4701-AHWMW,Billing,Low,Phone,Resolved,177,78.28,Payment method updated
TKT-002266,4701-AHWMW,Technical Support,Low,Chat,In Progress,57,100.31,Pending
TKT-002267,5702-KVQRD,Technical Support,Medium,Phone,Resolved,9,51.0,Issue resolved remotely
TKT-002268,0023-XUOPT,Payment Issue,High,Phone,Resolved,70,30.57,Customer provided troubleshooting steps
TKT-002269,0023-XUOPT,Billing,High,Web,Open,314,28.95,Pending
TKT-002270,2257-BOVXD,Account Access,Medium,Phone,Resolved,92,36.25,Account information updated
TKT-002271,8690-UPCZI,Technical Support,Medium,Chat,Resolved,203,37.24,Replacement equipment requested
TKT-002272,4086-WITJG,Service Change,Low,Phone,In Progress,174,42.61,Pending
TKT-002273,9248-OJYKK,Billing,High,Web,Closed,27,28.74,Replacement equipment requested
TKT-002274,9248-OJYKK,Internet Connectivity,Urgent,Chat,Closed,181,5.75,Replacement equipment requested
TKT-002275,9248-OJYKK,Payment Issue,High,Web,Closed,270,32.57,Service configuration updated
TKT-002276,9979-RGMZT,Billing,Medium,Chat,Closed,294,60.82,Account information updated
TKT-002277,4415-IJZTP,Internet Connectivity,High,Email,Closed,6,9.81,Customer provided troubleshooting steps
TKT-002278,4415-IJZTP,Internet Connectivity,Urgent,Web,Closed,361,4.34,Issue resolved remotely
TKT-002279,4415-IJZTP,Equipment,High,Phone,Open,220,19.79,Pending
TKT-002280,4415-IJZTP,Internet Connectivity,High,Web,Closed,121,8.9,Payment method updated
TKT-002281,1122-YJBCS,Payment Issue,Medium,Email,Resolved,291,63.32,Payment method updated
TKT-002282,5850-BDWCY,Internet Connectivity,Medium,Chat,Closed,101,60.19,Replacement equipment requested
TKT-002283,1705-GUHPV,Internet Connectivity,Low,Web,Resolved,132,63.18,Escalated to specialist
TKT-002284,1705-GUHPV,Internet Connectivity,Low,Phone,Closed,269,18.0,Account information updated
TKT-002285,4779-ZGICK,Payment Issue,Low,Phone,Closed,23,74.91,Service configuration updated
TKT-002286,0048-PIHNL,Billing,Low,Email,Resolved,159,103.42,Account information updated
TKT-002287,0048-PIHNL,Technical Support,Low,Email,Closed,42,100.41,Account information updated
TKT-002288,3967-KXAPS,Billing,Low,Web,Closed,294,66.33,Customer provided troubleshooting steps
TKT-002289,3967-KXAPS,Service Change,Medium,Phone,Closed,352,9.32,Payment method updated
TKT-002290,1395-OFUWC,Internet Connectivity,Low,Chat,Resolved,31,89.28,Service configuration updated
TKT-002291,1395-OFUWC,Account Access,Low,Web,Resolved,356,94.12,Billing adjustment applied
TKT-002292,6258-NGCNG,Payment Issue,Low,Phone,Closed,58,46.62,Service configuration updated
TKT-002293,3978-YNKDD,Internet Connectivity,Medium,Email,Resolved,349,46.87,Replacement equipment requested
TKT-002294,4940-KHCWD,Internet Connectivity,Low,Chat,Resolved,189,58.19,Issue resolved remotely
TKT-002295,4940-KHCWD,Service Change,Low,Web,In Progress,340,34.34,Pending
TKT-002296,9412-ARGBX,Streaming,Medium,Web,Open,17,67.13,Pending
TKT-002297,5161-XEUVX,Technical Support,Low,Phone,Resolved,101,65.05,Account information updated
TKT-002298,0516-OOHAR,Equipment,Low,Web,In Progress,143,18.32,Pending
TKT-002299,8676-TRMJS,Technical Support,High,Phone,Resolved,254,28.17,Customer provided troubleshooting steps
TKT-002300,8676-TRMJS,Technical Support,High,Phone,Closed,81,15.56,Payment method updated
TKT-002301,8676-TRMJS,Billing,High,Phone,Closed,179,5.13,Escalated to specialist
TKT-002302,9530-GRMJG,Equipment,Low,Chat,Resolved,22,50.21,Billing adjustment applied
TKT-002303,9530-GRMJG,Service Change,Low,Phone,Open,39,51.59,Pending
TKT-002304,9530-GRMJG,Technical Support,Low,Chat,In Progress,172,84.13,Pending
TKT-002305,2061-VVFST,Service Change,Low,Phone,Closed,306,41.02,Escalated to specialist
TKT-002306,0685-MLYYM,Technical Support,Medium,Chat,Resolved,244,46.42,Account information updated
TKT-002307,0685-MLYYM,Streaming,High,Chat,Open,255,9.64,Pending
TKT-002308,0749-IRGQE,Internet Connectivity,Medium,Web,Resolved,302,68.02,Account information updated
TKT-002309,0749-IRGQE,Billing,Medium,Phone,Resolved,352,47.97,Billing adjustment applied
TKT-002310,0164-XAIRP,Internet Connectivity,Low,Email,Resolved,185,93.01,Billing adjustment applied
TKT-002311,0164-XAIRP,Payment Issue,Low,Chat,Resolved,112,60.79,Billing adjustment applied
TKT-002312,6365-HITVU,Payment Issue,Low,Phone,Resolved,175,85.48,Replacement equipment requested
TKT-002313,7957-RYHQD,Technical Support,Low,Chat,Resolved,348,95.32,Customer provided troubleshooting steps
TKT-002314,5245-VDBUR,Equipment,Low,Phone,Resolved,90,84.94,Escalated to specialist
TKT-002315,5245-VDBUR,Account Access,Low,Chat,In Progress,306,21.75,Pending
TKT-002316,6230-BSUXY,Equipment,Urgent,Phone,Closed,110,2.32,Service configuration updated
TKT-002317,6230-BSUXY,Payment Issue,High,Phone,Closed,244,6.27,Customer provided troubleshooting steps
TKT-002318,6230-BSUXY,Payment Issue,High,Phone,In Progress,102,34.12,Pending
TKT-002319,6230-BSUXY,Technical Support,High,Phone,In Progress,160,7.52,Pending
TKT-002320,6230-BSUXY,Billing,High,Chat,Resolved,19,25.72,Issue resolved remotely
TKT-002321,2369-FEVNO,Equipment,Low,Email,Closed,185,99.32,Escalated to specialist
TKT-002322,7471-MQPOS,Streaming,Medium,Phone,In Progress,176,17.96,Pending
TKT-002323,9572-WUKSB,Technical Support,High,Chat,Open,14,32.81,Pending
TKT-002324,9572-WUKSB,Internet Connectivity,Medium,Phone,In Progress,58,15.86,Pending
TKT-002325,9572-WUKSB,Internet Connectivity,High,Phone,In Progress,231,16.76,Pending
TKT-002326,0076-LVEPS,Account Access,Low,Email,Resolved,191,91.54,Billing adjustment applied
TKT-002327,0076-LVEPS,Technical Support,Low,Phone,Closed,287,22.28,Payment method updated
TKT-002328,9867-XOBQA,Account Access,Low,Email,Open,317,41.74,Pending
TKT-002329,9867-XOBQA,Billing,Low,Chat,In Progress,172,12.42,Pending
TKT-002330,9820-RMCQV,Internet Connectivity,Low,Phone,Resolved,22,73.93,Escalated to specialist
TKT-002331,1047-RNXZV,Streaming,Low,Web,In Progress,189,57.81,Pending
TKT-002332,8450-JOVAH,Technical Support,Low,Web,In Progress,357,91.46,Pending
TKT-002333,8212-DJRCH,Technical Support,Low,Chat,Resolved,281,102.78,Billing adjustment applied
TKT-002334,1036-GUDCL,Service Change,Medium,Email,Closed,266,44.29,Account information updated
TKT-002335,2025-JKFWI,Internet Connectivity,High,Email,Open,241,27.64,Pending
TKT-002336,2025-JKFWI,Internet Connectivity,High,Web,Open,196,12.77,Pending
TKT-002337,8930-XOTDP,Equipment,Medium,Web,Open,2,21.77,Pending
TKT-002338,2408-PSJVE,Billing,Low,Email,In Progress,307,35.23,Pending
TKT-002339,9079-YEXQJ,Equipment,Low,Phone,Closed,216,53.68,Billing adjustment applied
TKT-002340,9079-YEXQJ,Internet Connectivity,Medium,Email,Resolved,207,18.89,Customer provided troubleshooting steps
TKT-002341,9079-YEXQJ,Internet Connectivity,Low,Chat,Closed,25,92.79,Account information updated
TKT-002342,5480-HPRRX,Billing,Medium,Phone,Closed,46,50.24,Issue resolved remotely
TKT-002343,5480-HPRRX,Internet Connectivity,High,Web,Open,291,32.17,Pending
TKT-002344,0295-PPHDO,Billing,Urgent,Chat,Closed,359,9.84,Escalated to specialist
TKT-002345,0295-PPHDO,Internet Connectivity,High,Web,Resolved,182,23.7,Escalated to specialist
TKT-002346,0295-PPHDO,Internet Connectivity,Urgent,Phone,Closed,150,4.79,Escalated to specialist
TKT-002347,0295-PPHDO,Technical Support,High,Phone,Closed,120,25.13,Billing adjustment applied
TKT-002348,5297-MDOIR,Billing,Low,Chat,Closed,181,50.62,Billing adjustment applied
TKT-002349,5297-MDOIR,Technical Support,Low,Chat,Resolved,82,100.46,Issue resolved remotely
TKT-002350,6848-HJTXY,Equipment,Low,Phone,In Progress,232,55.39,Pending
TKT-002351,0682-USIXD,Equipment,High,Phone,Resolved,343,7.54,Account information updated
TKT-002352,0682-USIXD,Internet Connectivity,Medium,Web,In Progress,353,14.44,Pending
TKT-002353,0682-USIXD,Equipment,Medium,Web,Resolved,87,53.28,Escalated to specialist
TKT-002354,7603-USHJS,Equipment,Medium,Chat,In Progress,28,27.41,Pending
TKT-002355,7603-USHJS,Internet Connectivity,Medium,Email,Resolved,175,71.76,Payment method updated
TKT-002356,7952-OBOYL,Payment Issue,High,Phone,Closed,193,6.74,Billing adjustment applied
TKT-002357,7952-OBOYL,Account Access,High,Phone,Resolved,177,22.27,Billing adjustment applied
TKT-002358,1400-MMYXY,Internet Connectivity,Urgent,Chat,Open,249,2.4,Pending
TKT-002359,1400-MMYXY,Service Change,Urgent,Chat,Resolved,129,4.14,Service configuration updated
TKT-002360,1400-MMYXY,Streaming,Urgent,Email,Open,326,2.17,Pending
TKT-002361,1956-YIFGE,Billing,Medium,Web,Closed,172,22.56,Service configuration updated
TKT-002362,5820-PTRYM,Payment Issue,Low,Web,Resolved,335,87.82,Replacement equipment requested
TKT-002363,9945-PSVIP,Technical Support,Low,Chat,Resolved,149,105.61,Service configuration updated
TKT-002364,9945-PSVIP,Internet Connectivity,Low,Phone,Closed,133,78.13,Escalated to specialist
TKT-002365,5136-GFPMB,Technical Support,Medium,Web,Closed,261,8.18,Billing adjustment applied
TKT-002366,5136-GFPMB,Internet Connectivity,Medium,Chat,In Progress,185,27.74,Pending
TKT-002367,5136-GFPMB,Streaming,Low,Web,Resolved,347,35.12,Issue resolved remotely
TKT-002368,2758-RNWXS,Billing,Medium,Phone,Resolved,202,16.78,Billing adjustment applied
TKT-002369,2758-RNWXS,Payment Issue,Low,Web,Open,112,81.45,Pending
TKT-002370,3454-JFUBC,Billing,Low,Chat,Closed,137,35.34,Billing adjustment applied
TKT-002371,6797-LNAQX,Billing,Low,Phone,Resolved,311,35.45,Service configuration updated
TKT-002372,6797-LNAQX,Technical Support,Low,Web,Resolved,255,77.96,Issue resolved remotely
TKT-002373,9013-AQORL,Streaming,Low,Phone,In Progress,121,55.94,Pending
TKT-002374,9013-AQORL,Internet Connectivity,Low,Web,Open,240,79.48,Pending
TKT-002375,2750-BJLSB,Internet Connectivity,Low,Phone,Resolved,156,93.5,Escalated to specialist
TKT-002376,2750-BJLSB,Streaming,Low,Web,In Progress,52,15.87,Pending
TKT-002377,9588-YRFHY,Internet Connectivity,Low,Phone,Closed,284,96.75,Service configuration updated
TKT-002378,9364-YKUVW,Internet Connectivity,Low,Email,Closed,299,15.66,Billing adjustment applied
TKT-002379,1264-FUHCX,Internet Connectivity,Medium,Chat,Resolved,88,45.41,Escalated to specialist
TKT-002380,7789-CRUVC,Account Access,Low,Chat,Closed,208,38.29,Escalated to specialist
TKT-002381,7789-CRUVC,Internet Connectivity,Medium,Chat,Open,102,18.8,Pending
TKT-002382,7789-CRUVC,Internet Connectivity,Medium,Chat,Open,305,49.58,Pending
TKT-002383,8739-WWKDU,Billing,High,Phone,In Progress,357,13.66,Pending
TKT-002384,8739-WWKDU,Internet Connectivity,High,Phone,Open,248,29.21,Pending
TKT-002385,8083-YTZES,Payment Issue,Urgent,Chat,Open,40,11.01,Pending
TKT-002386,8083-YTZES,Equipment,High,Chat,Closed,357,23.29,Issue resolved remotely
TKT-002387,8083-YTZES,Streaming,High,Email,Open,14,17.79,Pending
TKT-002388,8083-YTZES,Service Change,Urgent,Phone,Resolved,40,6.32,Account information updated
TKT-002389,6664-FPDAC,Equipment,Low,Chat,Closed,122,37.23,Escalated to specialist
TKT-002390,6664-FPDAC,Internet Connectivity,Medium,Email,Closed,101,42.51,Payment method updated
TKT-002391,9972-VAFJJ,Service Change,Medium,Phone,Closed,330,15.7,Escalated to specialist
TKT-002392,0422-UXFAP,Technical Support,Medium,Chat,Closed,203,19.51,Issue resolved remotely
TKT-002393,2843-CQMEG,Service Change,Low,Phone,Resolved,72,65.7,Account information updated
TKT-002394,5351-QESIO,Technical Support,Low,Phone,In Progress,98,41.36,Pending
TKT-002395,6967-PEJLL,Streaming,Low,Web,Resolved,355,12.63,Billing adjustment applied
TKT-002396,3585-ISXZP,Technical Support,High,Phone,Closed,328,7.8,Replacement equipment requested
TKT-002397,3585-ISXZP,Technical Support,High,Email,Open,42,16.64,Pending
TKT-002398,3585-ISXZP,Billing,High,Phone,Resolved,60,4.41,Payment method updated
TKT-002399,0052-YNYOT,Internet Connectivity,Low,Chat,Closed,139,113.66,Escalated to specialist
TKT-002400,0052-YNYOT,Internet Connectivity,Low,Phone,Closed,27,12.53,Replacement equipment requested
TKT-002401,0052-YNYOT,Equipment,Low,Web,Resolved,199,91.54,Escalated to specialist
TKT-002402,6304-IJFSQ,Payment Issue,Low,Phone,Open,349,79.39,Pending
TKT-002403,6304-IJFSQ,Internet Connectivity,Medium,Chat,Open,162,34.81,Pending
TKT-002404,9586-JGQKH,Payment Issue,Medium,Web,Resolved,77,31.53,Service configuration updated
TKT-002405,1980-KXVPM,Technical Support,High,Phone,Closed,216,14.8,Account information updated
TKT-002406,1980-KXVPM,Equipment,High,Chat,Open,71,32.07,Pending
TKT-002407,5482-NUPNA,Service Change,Low,Web,Resolved,96,112.32,Issue resolved remotely
TKT-002408,5482-NUPNA,Internet Connectivity,Low,Email,In Progress,179,49.74,Pending
TKT-002409,5482-NUPNA,Internet Connectivity,Medium,Email,Resolved,102,56.6,Escalated to specialist
TKT-002410,1471-GIQKQ,Service Change,Medium,Email,Resolved,45,70.16,Payment method updated
TKT-002411,1035-IPQPU,Billing,Medium,Web,Open,40,22.86,Pending
TKT-002412,1035-IPQPU,Streaming,Low,Email,Resolved,272,109.09,Replacement equipment requested
TKT-002413,7398-LXGYX,Account Access,Medium,Web,Open,318,60.75,Pending
TKT-002414,7398-LXGYX,Service Change,Medium,Phone,Closed,269,14.45,Escalated to specialist
TKT-002415,7398-LXGYX,Internet Connectivity,Medium,Chat,Resolved,57,61.02,Account information updated
TKT-002416,9767-FFLEM,Internet Connectivity,Low,Phone,Resolved,223,102.77,Billing adjustment applied
TKT-002417,7750-EYXWZ,Equipment,Low,Phone,Resolved,75,58.22,Payment method updated
TKT-002418,7750-EYXWZ,Streaming,Medium,Chat,In Progress,104,11.79,Pending
TKT-002419,7750-EYXWZ,Payment Issue,Low,Email,In Progress,117,92.04,Pending
TKT-002420,8361-LTMKD,Account Access,High,Chat,Closed,343,16.18,Replacement equipment requested
TKT-002421,8361-LTMKD,Internet Connectivity,High,Phone,Resolved,316,14.06,Escalated to specialist
